label,Art. 1.,Art. 2.,Art. 3.,Art. 4.,Art. 5.,Art. 6.,Art. 7.,Art. 8.,Art. 9.,Art. 10.,Art. 11.,Art. 12.,Art. 12-bis.,Art. 12-ter.,Art. 13.,Art. 14.,Art. 15.,Art. 15-bis.,Art. 16.,Art. 16-bis.,Art. 16-ter.,Art. 16-quater.,Art. 16-quinquies.,Art. 17.,Art. 18.,Art. 18-bis.,Art. 19.,Art. 20.,Art. 21.,Art. 22.,Art. 23.,Art. 24.,Art. 25.,Art. 26.,Art. 27.,Art. 27-bis.,Art. 28.,Art. 29.,Art. 30.,Art. 31.,Art. 32.,Art. 32-bis.,Art. 32-ter.,Art. 32-quater.,Art. 33.,Art. 34.,Art. 35.,Art. 36.,Art. 37.,Art. 38.,Art. 39.,Art. 40.,Art. 41.,Art. 42.,Art. 43.,Art. 43-bis.,Art. 44.,Art. 45.,Art. 46.,Art. 46-bis.,Art. 47.,Art. 48.,Art. 49.,Art. 50.,Art. 51.,Art. 52.,Art. 53.,Art. 54.,Art. 55.,Art. 56.,Art. 57.,Art. 58.,Art. 59.,Art. 60.,Art. 61.,Art. 62.,Art. 63.,Art. 64.,Art. 64-bis.,Art. 64-ter.,Art. 64-quater.,Art. 64-quinquies.,Art. 64-sexies.,Art. 65.,Art. 66.,Art. 67.,Art. 68.,Art. 68-bis.,Art. 69.,Art. 69-bis.,Art. 69-ter.,Art. 69-quater.,Art. 69-quinquies.,Art. 69-sexies.,Art. 69-septies.,Art. 70.,Art. 70-bis.,Art. 70-ter.,Art. 70-quater.,Art. 70-quinquies.,Art. 70-sexies.,Art. 70-septies.,Art. 71.,Art. 71-bis.,Art. 71-ter.,Art. 71-quater.,Art. 71-quinquies.,Art. 71-sexies.,Art. 71-septies.,Art. 71-octies.,Art. 71-novies.,Art. 71-decies.,Art. 72.,Art. 73.,Art. 73-bis.,Art. 74.,Art. 75.,Art. 76.,Art. 77.,Art. 78.,Art. 78-bis.,Art. 78-ter.,Art. 78-quater.,Art. 79.,Art. 79-bis.,Art. 80.,Art. 81.,Art. 82.,Art. 83.,Art. 84.,Art. 84-bis.,Art. 84-ter.,Art. 85.,Art. 85-bis.,Art. 85-ter.,Art. 85-quater.,Art. 85-quinquies.,Art. 86.,Art. 87.,Art. 88.,Art. 89.,Art. 90.,Art. 91.,Art. 92.,Art. 93.,Art. 94.,Art. 95.,Art. 96.,Art. 97.,Art. 98.,Art. 99.,Art. 99-bis.,Art. 100.,Art. 101.,Art. 102.,Art. 102-bis.,Art. 102-ter.,Art. 102-quater.,Art. 102-quinquies.,Art. 102-sexies.,Art. 102-septies.,Art. 102-octies.,Art. 102-novies.,Art. 102-decies.,Art. 102-undecies.,Art. 102-duodecies.,Art. 102-terdecies.,Art. 102-quaterdecies.,Art. 102-quindecies.,Art. 102-sex-decies.,Art. 102-septies-decies.,Art. 103.,Art. 104.,Art. 105.,Art. 106.,Art. 107.,Art. 108.,Art. 109.,Art. 110.,Art. 110-bis.,Art. 110-ter.,Art. 110-quater.,Art. 110-quinquies.,Art. 110-sexies.,Art. 110-septies.,Art. 111.,Art. 112.,Art. 113.,Art. 114.,Art. 114-bis.,Art. 115.,Art. 116.,Art. 117.,Art. 118.,Art. 119.,Art. 120.,Art. 121.,Art. 122.,Art. 123.,Art. 124.,Art. 125.,Art. 126.,Art. 127.,Art. 128.,Art. 129.,Art. 130.,Art. 131.,Art. 132.,Art. 133.,Art. 134.,Art. 135.,Art. 136.,Art. 137.,Art. 138.,Art. 139.,Art. 140.,Art. 141.,Art. 142.,Art. 143.,Art. 144.,Art. 145.,Art. 146.,Art. 147.,Art. 148.,Art. 149.,Art. 150.,Art. 151.,Art. 152.,Art. 153.,Art. 154.,Art. 155.,Art. 156.,Art. 156-bis.,Art. 156-ter.,Art. 157.,Art. 158.,Art. 159.,Art. 160.,Art. 161.,Art. 162.,Art. 162-bis.,Art. 162-ter.,Art. 163.,Art. 164.,Art. 165.,Art. 166.,Art. 167.,Art. 168.,Art. 169.,Art. 170.,Art. 171.,Art. 171-bis.,Art. 171-ter.,Art. 171-quater.,Art. 171-quinquies.,Art. 171-sexies.,Art. 171-septies.,Art. 171-octies.,Art. 171-octies-1.,Art. 171-novies.,Art. 172.,Art. 173.,Art. 174.,Art. 174-bis.,Art. 174-ter.,Art. 174-quater.,Art. 174-quinquies.,Art. 174-sexies.,Art. 175.,Art. 176.,Art. 177.,Art. 178.,Art. 179.,Art. 180.,Art. 180-bis.,Art. 180-ter.,Art. 181.,Art. 181-bis.,Art. 181-ter.,Art. 182.,Art. 182-bis.,Art. 182-ter.,Art. 183.,Art. 184.,Art. 185.,Art. 186.,Art. 187.,Art. 188.,Art. 189.,Art. 190.,Art. 191.,Art. 192.,Art. 193.,Art. 194.,Art. 194-bis.,Art. 195.,Art. 196.,Art. 197.,Art. 198.,Art. 199.,Art. 199-bis.,Art. 200.,Art. 201.,Art. 202.,Art. 203.,Art. 204.,Art. 205.,Art. 206.
Article 1 Relation to the Berne Convention,0.46400726,0.34341714,0.36789042,0.3387165,0.28852114,0.3819405,0.2350851,0.22950104,0.33487085,0.53194535,0.45609924,0.43544042,0.22713584,0.2616623,0.26816744,0.38612467,0.33799082,0.3987772,0.22093284,0.15966561,0.26238856,0.21712007,0.25138482,0.39401796,0.43788886,0.44474238,0.37482417,0.46314296,0.33755738,0.4051388,0.44863266,0.45679128,0.42531553,0.35516366,0.37868387,0.2556048,0.4142633,0.39506668,0.2832364,0.42608196,0.40371782,0.4576666,0.32440433,0.5286603,0.31022614,0.28080973,0.43428847,0.42622322,0.44009775,0.43574882,0.38375342,0.3972093,0.4599945,0.37553257,0.28196603,0.37564403,0.51727873,0.3262841,0.46610522,0.42331523,0.366395,0.15304853,0.30511156,0.36084297,0.28552902,0.29841667,0.20405537,0.41150057,0.38036388,0.4323634,0.09411889,0.316232,0.44966206,0.30789632,0.31537473,0.28774992,0.4756648,0.49932078,0.16969542,0.42984688,0.1609021,0.39848143,0.23013952,0.29810447,0.19565207,0.32448107,0.31829864,0.321136,0.29786235,0.30171758,0.2522724,0.20313641,0.38411963,0.41524422,0.40076253,0.30420825,0.2504539,0.2868883,0.36141115,0.47849607,0.3945157,0.5296807,0.3820563,0.24402557,0.26998156,0.3187127,0.3928733,0.1712839,0.21388192,0.318829,0.40523168,0.42671645,0.36691195,0.21276422,0.43646926,0.41737485,0.31703117,0.2881541,0.15824422,0.09431934,0.34572777,0.38148713,0.4012484,0.27225134,0.40357804,0.23281386,0.4655,0.26637262,0.24372812,0.36685377,0.3910306,0.32005373,0.35103536,0.40243334,0.51551986,0.48820812,0.23051806,0.4336417,0.14689998,0.41502824,0.41853902,0.2377047,0.28291574,0.23680577,0.34468216,0.40386003,0.5189686,0.37258184,0.2747343,0.29308054,0.39639616,0.3729256,0.4249021,0.31385538,0.25246885,0.2054638,0.25789905,0.39883822,0.4269898,0.35954297,0.24553122,0.29329038,0.4298579,0.22614679,0.41419354,0.504967,0.38426405,0.5100692,0.49667034,0.38443428,0.36233294,0.46036232,0.39332974,0.4495269,0.6062833,0.43141553,0.26626897,0.46592087,0.24246982,0.4490161,0.43540376,0.36757225,0.5325334,0.4400308,0.5196948,0.47433436,0.37702918,0.3343603,0.28235725,0.54384196,0.3678569,0.3852355,0.4641544,0.5299129,0.62603915,0.5007426,0.40186164,0.48367518,0.30239302,0.38416892,0.52734005,0.36575192,0.41801903,0.5013744,0.42317754,0.36548957,0.38305435,0.40810114,0.24186803,0.6267381,0.45390236,0.61368585,0.54435277,0.4292097,0.40436947,0.49882406,0.5898608,0.48344153,0.43704367,0.41330034,0.32323554,0.3713268,0.43314785,0.34907806,0.5294349,0.17207856,0.14529836,0.4404565,0.4672091,0.41981256,0.26002884,0.2895927,0.2518645,0.3089429,0.35855013,0.32977685,0.36867982,0.31970224,0.3057282,0.37163725,0.22728324,0.31766254,0.31734022,0.35443997,0.2685666,0.22665697,0.3120815,0.3756008,0.3556852,0.295646,0.32039708,0.2056147,0.13475937,0.35805675,0.3580685,0.3496936,0.40791446,0.16262296,0.21771395,0.23355006,0.3144599,0.37350044,0.2337314,0.26733655,0.17582166,0.22192606,0.31513834,0.14451545,0.28830191,0.28830191,0.24984689,0.24984689,0.24984689,0.3017365,0.21917796,0.37781745,0.38217193,0.33926696,0.36996403,0.19669172,0.250107,0.24828584,0.40100086,0.24953617,0.3855156,0.65756834,0.515185,0.46689445,0.47556236,0.41093856,0.17856517,0.13264023,0.3259689,0.23937121,0.3780208,0.15959394,0.36049592,0.25864857,0.43207008,0.44562334,0.34840697,0.3862645,0.4094446,0.31383693,0.34781688,0.30289382,0.40710306,0.40002617
Article 2 Scope of Copyright Protection,0.59993595,0.55804145,0.40159565,0.48804966,0.33846667,0.42158228,0.18461932,0.21912849,0.4678635,0.55739844,0.51428217,0.53330475,0.30276498,0.3123033,0.55020976,0.4577459,0.4339288,0.337056,0.33570105,0.1821574,0.17470098,0.25050268,0.30752647,0.50234246,0.52555156,0.64077425,0.3767599,0.55885875,0.42597172,0.4582623,0.3021807,0.50142264,0.31021452,0.35113305,0.4084561,0.058537487,0.4211068,0.39376986,0.31372857,0.3132667,0.26080188,0.3250482,0.27298963,0.5549766,0.2791453,0.36359292,0.3003725,0.39390704,0.3695046,0.4540844,0.41127905,0.40598157,0.43412778,0.39955208,0.4356504,0.3137759,0.3827381,0.39006728,0.578097,0.45198998,0.37947944,0.25682104,0.50426704,0.39747506,0.3287999,0.34488207,0.16900639,0.29035354,0.53732634,0.3775,0.21676537,0.26954025,0.3971836,0.25004503,0.5274162,0.211868,0.5148593,0.44675663,0.4541882,0.52918506,0.37381136,0.5495405,0.469652,0.48127896,0.37055546,0.49146244,0.53153837,0.44536054,0.37326708,0.4366262,0.4160685,0.30077326,0.41088188,0.34126806,0.37584025,0.5697353,0.5005683,0.47984505,0.5598983,0.48932683,0.49942052,0.4998303,0.41414934,0.33606946,0.4401812,0.28838995,0.46405837,0.48144996,0.40633458,0.37546715,0.54331166,0.45365357,0.494948,0.39834347,0.54215825,0.5206206,0.37017512,0.370587,0.054951034,0.2433835,0.26248825,0.5198911,0.32307822,0.42065662,0.36672288,0.3568802,0.49179447,0.30168444,0.38135272,0.494734,0.4282086,0.42115808,0.45100608,0.32252222,0.62188566,0.6209253,0.11247925,0.41670877,0.26850414,0.4751475,0.42332476,0.25209233,0.38153166,0.12311875,0.48189938,0.36217284,0.6160639,0.4059693,0.49415413,0.35664552,0.4564343,0.49457285,0.5229981,0.47004256,0.5274528,0.27643603,0.50679296,0.6850175,0.6848896,0.69851506,0.39196074,0.24359547,0.53970754,0.4757309,0.3807404,0.43598318,0.4591472,0.47330666,0.416776,0.30310822,0.3091779,0.3931634,0.40798482,0.49428147,0.57451713,0.64030534,0.27157968,0.45602214,0.4171068,0.46950266,0.360057,0.508706,0.37531626,0.28894192,0.5660729,0.6216656,0.54573154,0.27053696,0.300429,0.42040855,0.34385496,0.25367677,0.53680813,0.515714,0.5866316,0.4945463,0.41800928,0.3530619,0.37084264,0.29375637,0.5456323,0.42945758,0.37577254,0.5338901,0.46953443,0.42019963,0.44962096,0.5245437,0.3814144,0.5243935,0.3098637,0.5216731,0.47346148,0.53162414,0.28952783,0.40554112,0.40341556,0.49084252,0.39767507,0.44901252,0.29448563,0.25111508,0.3519296,0.22152974,0.3741508,0.12916094,0.16976324,0.41648334,0.44158968,0.39315456,0.28719428,0.40041107,0.42240876,0.3729511,0.43726596,0.33805844,0.5127929,0.35403544,0.4528473,0.3844421,0.12946633,0.3556454,0.38480902,0.3652001,0.42527658,0.32513034,0.29300863,0.3916818,0.47198856,0.47133344,0.33861563,0.25162148,0.34934074,0.56423604,0.33618996,0.30335215,0.29944605,0.25236323,0.28154755,0.30753675,0.17213212,0.32729238,0.26062155,0.21533962,0.54111254,0.13730964,0.3254304,0.2578414,0.019238558,0.019238558,0.018806987,0.018806987,0.018806987,0.37359327,0.101345584,0.42149687,0.39642978,0.34043887,0.20145354,0.046855666,0.53724396,0.23450536,0.4103528,0.14587978,0.39801317,0.5502168,0.46734855,0.37611467,0.43046647,0.31044257,0.039482832,-0.08279238,0.1668599,0.12890667,0.19516511,-0.010423603,0.3661822,0.28060842,0.22010705,0.4286722,0.2926677,0.16176553,0.3900686,0.33408526,0.3826795,0.2008918,0.31897467,0.29019046
Article 3 Application of Articles 2 to 6 of the Berne Convention,0.34247223,0.23903993,0.21715137,0.14574587,0.25120044,0.21052095,0.17200905,0.09616076,0.22198606,0.3678094,0.36239833,0.4069566,0.33229375,0.31834814,0.24323112,0.31217313,0.21529588,0.28332216,0.26595765,0.21372245,0.36919308,0.25584707,0.3209469,0.3817085,0.32937604,0.3829639,0.44940954,0.37596685,0.2320477,0.3236421,0.30262095,0.30538413,0.41898555,0.24127093,0.2781251,0.24406461,0.4308601,0.3870148,0.25763613,0.3897962,0.32222185,0.46754795,0.38186014,0.38794947,0.22743718,0.19501206,0.19484049,0.315786,0.2406817,0.3325805,0.29056266,0.28187996,0.3054179,0.31900308,0.09404403,0.3277684,0.4514874,0.3192616,0.2762337,0.4236306,0.34144714,0.14453344,0.16340363,0.2562929,0.38549307,0.30440465,0.23666966,0.44205964,0.28475967,0.4449736,0.2902078,0.3187726,0.4576181,0.24226204,0.31806266,0.204267,0.45058858,0.46649456,0.19451123,0.3901568,0.3197447,0.36050224,0.29574752,0.23271225,0.22880515,0.36537382,0.13800938,0.39864996,0.1665087,0.25974753,0.1395186,0.12549646,0.4010455,0.4281112,0.3673843,0.1515514,0.17739756,0.25259584,0.37169212,0.40586543,0.48499507,0.43351597,0.22265893,0.3141685,0.23241925,0.4168975,0.5304674,0.19108222,0.15859966,0.31152797,0.4630515,0.4555513,0.38798553,0.1768409,0.32019746,0.4241572,0.24212329,0.33831948,0.24628782,0.107950814,0.35135853,0.38592327,0.4553873,0.3649159,0.40215248,0.115990825,0.32053486,0.13964769,0.17397156,0.29017025,0.25357622,0.15919068,0.3514254,0.56267226,0.4361861,0.39691764,0.37084335,0.2898692,0.028990515,0.36388102,0.34256923,0.17937592,0.17697191,0.2574167,0.16717778,0.2694087,0.42425776,0.27314025,0.08672066,0.20874241,0.41142803,0.44972456,0.20097412,0.20880264,0.09244505,0.30053365,0.22860107,0.41882765,0.35875958,0.25925037,0.2680622,0.3155547,0.35495812,0.24014208,0.3759985,0.44804627,0.41679066,0.4162011,0.47686946,0.42274156,0.4808238,0.4023293,0.46089554,0.31240445,0.5007999,0.3654974,0.2600755,0.35319215,0.384121,0.49538106,0.52204144,0.3520118,0.46539932,0.58477676,0.4592144,0.30538833,0.24165201,0.44576707,0.41737348,0.54451245,0.27288446,0.45524532,0.40991658,0.47118467,0.526822,0.39648682,0.2583487,0.4268481,0.38130558,0.30038455,0.51083577,0.26764768,0.31949538,0.4646842,0.36123782,0.21236652,0.26695883,0.19002485,0.15613729,0.5175773,0.24035141,0.4916786,0.51437885,0.30651724,0.28324607,0.36794966,0.5388318,0.39194268,0.43046954,0.243527,0.13732989,0.27463686,0.37907487,0.24735874,0.43408537,0.13461182,0.22118546,0.37658405,0.39845455,0.495052,0.36068797,0.35813183,0.3869934,0.32495105,0.34193614,0.41446358,0.29656777,0.27988145,0.410676,0.4003926,0.27243084,0.42694265,0.47902727,0.50511163,0.36634782,0.28379673,0.42694747,0.5282857,0.40467548,0.32706845,0.2218531,0.3051961,0.08485323,0.22741263,0.3838833,0.4017712,0.47813553,0.21892995,0.27216357,0.24065042,0.37338966,0.3598553,0.31921074,0.3454864,0.25734237,0.3824667,0.4402436,0.25636426,0.3121582,0.3121582,0.17340359,0.17340359,0.17340359,0.37403053,0.30508,0.52358055,0.5147442,0.3467617,0.467804,0.22859779,0.27557638,0.41135356,0.28167877,0.1983124,0.23407495,0.5434396,0.35629737,0.42698497,0.38643092,0.37106243,0.2688497,0.2240142,0.42247134,0.10231704,0.41068667,0.3613934,0.2459203,0.29438382,0.48015094,0.5136503,0.54114604,0.38459867,0.4817398,0.12407074,0.3853343,0.27132034,0.4013988,0.4807692
Article 4 Computer Programs,0.6192293,0.48957318,0.33502138,0.35154814,0.21474394,0.32298303,0.20421395,0.23047337,0.29218957,0.39691597,0.3786035,0.48390955,0.40833232,0.293702,0.3492357,0.4505914,0.35765094,0.3406449,0.36279854,0.23462701,0.2970959,0.29547912,0.36494276,0.28987178,0.4350636,0.4124171,0.3333644,0.43436712,0.30108523,0.37723094,0.22186989,0.38443112,0.31862432,0.2282261,0.28092828,0.11884658,0.4721523,0.2846854,0.26627144,0.32299966,0.26762396,0.35992965,0.22220746,0.40387416,0.2939573,0.33966625,0.32636872,0.43864486,0.34706324,0.38327706,0.37942737,0.34613952,0.35632604,0.36798733,0.28779462,0.39625984,0.34219968,0.37849337,0.4352691,0.41766006,0.31935394,0.20465085,0.36938536,0.34578007,0.36526504,0.3339055,0.25465113,0.37866378,0.39317155,0.36593437,0.19896156,0.3112262,0.4027231,0.3261321,0.43176997,0.26278284,0.4223295,0.44663662,0.42101604,0.49364248,0.49011517,0.35602137,0.40033326,0.44714516,0.39550337,0.46100342,0.42586988,0.41230434,0.31693313,0.3978715,0.31300384,0.31966877,0.39550427,0.39214548,0.42283493,0.5027129,0.5059793,0.4069305,0.50651616,0.39056635,0.52412915,0.569368,0.3176504,0.30215162,0.43564355,0.37787926,0.47549674,0.39423093,0.30864573,0.36035675,0.47228724,0.405028,0.36256215,0.31780413,0.38647503,0.5151727,0.29735819,0.2963884,0.16316463,0.1952354,0.3095352,0.28812575,0.2930317,0.30409905,0.38462973,0.27215242,0.44268948,0.2559546,0.30865055,0.3817325,0.27241322,0.25994974,0.3736574,0.31565636,0.44333115,0.5058085,0.18044867,0.28046593,0.17686062,0.35460427,0.35228214,0.15114333,0.30262062,0.14673293,0.36605158,0.23774713,0.45890796,0.32553762,0.20546904,0.22396863,0.4497516,0.48685032,0.44298849,0.3794682,0.3745979,0.30362958,0.34487408,0.5745328,0.514236,0.51243913,0.35552156,0.19394183,0.36828324,0.383317,0.30904043,0.36187646,0.37493497,0.37756443,0.30928814,0.3519144,0.39621162,0.4299333,0.38038492,0.5029999,0.4926143,0.52998376,0.21274412,0.37577146,0.49587622,0.36219472,0.32485324,0.34014642,0.3109243,0.34764338,0.42787373,0.48759246,0.3855602,0.34175885,0.29306746,0.43845254,0.31137133,0.30178097,0.4282204,0.4605874,0.42724758,0.3573522,0.3279182,0.2714072,0.38947743,0.28362107,0.42347747,0.35103518,0.32726642,0.3614061,0.38531983,0.30509698,0.35336208,0.3568524,0.24643627,0.41481766,0.25572515,0.42862844,0.4198992,0.41893107,0.30404824,0.38721043,0.36933348,0.4193196,0.3456355,0.2598561,0.22410282,0.26825988,0.36825204,0.2618109,0.36288816,0.06661747,0.11138085,0.38384843,0.4352408,0.47674403,0.29748523,0.40317437,0.3605321,0.36283392,0.41968536,0.3327965,0.41785133,0.21942346,0.4423033,0.38785154,0.15710947,0.32780302,0.37903833,0.38084745,0.37271416,0.27070498,0.31645525,0.43847364,0.41776782,0.37030077,0.2397332,0.33425853,0.28464305,0.3596169,0.2410491,0.3295726,0.30893415,0.31489235,0.30118313,0.28184503,0.28714266,0.30653036,0.27825302,0.29143327,0.44511816,0.31666082,0.3801151,0.29646385,0.15570092,0.15570092,0.11459665,0.11459665,0.11459665,0.38516343,0.1271123,0.39927256,0.47621423,0.44837844,0.30875364,0.11512245,0.4141506,0.33164066,0.39733836,0.20286521,0.32194388,0.51065654,0.43271974,0.32546306,0.3252163,0.37895525,0.1591031,0.09414367,0.3048446,0.2168272,0.2364588,0.16283926,0.35054606,0.17358863,0.35612848,0.39085072,0.35923898,0.28384066,0.36240977,0.12594824,0.40205705,0.35131788,0.31916553,0.3411123
Article 5 Compilations of Data (Databases),0.64201134,0.6091009,0.49339283,0.4312358,0.2629029,0.38215482,0.22636876,0.23768295,0.47814405,0.5702258,0.5229221,0.52981055,0.42587733,0.36278856,0.5491085,0.4113117,0.40704304,0.29872173,0.37979278,0.2776175,0.22140953,0.28610116,0.29012945,0.50552845,0.5019725,0.61494714,0.43085402,0.5619767,0.44891328,0.44868022,0.32314247,0.5147776,0.34760535,0.3367905,0.42084253,0.16641001,0.53864485,0.3903635,0.3310417,0.34128502,0.2933783,0.39949852,0.27383518,0.5951593,0.19561276,0.330441,0.26343453,0.43326202,0.34651837,0.5092442,0.37105364,0.413499,0.39502108,0.47900206,0.3783878,0.38317573,0.41581708,0.39675546,0.5499741,0.49557704,0.35291237,0.27327606,0.46105093,0.36487392,0.35910916,0.34834027,0.14478578,0.336885,0.59828407,0.39865118,0.26274016,0.29855832,0.40088674,0.26551354,0.53338873,0.17354709,0.5251673,0.49660334,0.40703073,0.5838996,0.4581477,0.54719365,0.6097138,0.5359497,0.36014315,0.55308986,0.54781914,0.4673872,0.36376256,0.48054385,0.4454088,0.40085438,0.46737912,0.43663612,0.4077,0.5549134,0.49544525,0.6283342,0.73782325,0.45939535,0.62114984,0.6095349,0.39017573,0.43010157,0.44112855,0.3784149,0.5371151,0.52007324,0.40931678,0.3467549,0.6394464,0.41892883,0.5060597,0.37892526,0.52987313,0.54350144,0.35610974,0.37589046,0.16600353,0.22059554,0.30587885,0.5342089,0.3676731,0.45503575,0.41542894,0.32378304,0.50242496,0.24178232,0.33430177,0.4915325,0.3509838,0.38679484,0.40722257,0.3654557,0.5791792,0.636395,0.119319305,0.3540067,0.32844043,0.49495298,0.4357592,0.2831891,0.44266152,0.25147733,0.5221031,0.38015038,0.57190514,0.46745002,0.50844324,0.4205603,0.47355038,0.63377154,0.49190745,0.48662502,0.49890858,0.4352643,0.61925715,0.7630588,0.76551974,0.73202074,0.48924476,0.27926946,0.58230674,0.51827157,0.44391996,0.5589351,0.5542722,0.53024125,0.51398253,0.367452,0.35174075,0.4644907,0.5002928,0.53598475,0.58671516,0.6368989,0.239113,0.46363944,0.49029112,0.493335,0.37485924,0.49907294,0.4283204,0.284078,0.5626305,0.6642535,0.49923962,0.32545274,0.32880148,0.4651339,0.34487754,0.23636565,0.51458067,0.4614183,0.54848516,0.42227146,0.39301375,0.33787823,0.4057287,0.21643788,0.4916111,0.35219657,0.29930562,0.48549682,0.4137444,0.39889923,0.35941505,0.4356913,0.35390663,0.47756383,0.21301118,0.47118717,0.44079792,0.43435645,0.21402426,0.39806646,0.39316487,0.5186791,0.36586908,0.3902143,0.29618347,0.2824514,0.3937765,0.21830775,0.3799088,0.12272841,0.1555298,0.38458174,0.4150114,0.40784076,0.3553805,0.47969618,0.5214974,0.43788823,0.4674868,0.40641505,0.58839333,0.3681036,0.4952575,0.41843164,0.09308405,0.42517662,0.41314185,0.38584363,0.42827064,0.3208952,0.3776731,0.42200845,0.4604362,0.5153066,0.35356504,0.30708203,0.36045182,0.5518166,0.30629724,0.3735946,0.39059648,0.33220035,0.31197482,0.29458162,0.19487664,0.3027852,0.25195134,0.21076243,0.60300124,0.21166152,0.3291335,0.27413327,0.11265281,0.11265281,0.09362541,0.09362541,0.09362541,0.33963794,0.17178455,0.48537034,0.43312013,0.35208082,0.27290642,0.166329,0.50797534,0.24729438,0.36756408,0.10114394,0.3594377,0.5148616,0.44103974,0.39920038,0.4420479,0.35033658,0.116865054,-0.026949802,0.23984797,0.18463437,0.24771613,0.070707165,0.363047,0.20935716,0.2912398,0.45559776,0.37648976,0.14696804,0.45608312,0.31076884,0.38620126,0.17480838,0.33568287,0.2483325
Article 6 Right of Distribution,0.60098624,0.48578534,0.5696307,0.5922626,0.31353414,0.6461521,0.44637477,0.366797,0.597445,0.8008481,0.7306613,0.7664032,0.3946479,0.43959647,0.5236337,0.5700566,0.52526265,0.5101113,0.29213533,0.14368227,0.24697067,0.19081375,0.22364962,0.53737056,0.6924556,0.6888991,0.52393657,0.8111801,0.659099,0.6500225,0.56610936,0.79983574,0.5807704,0.5765703,0.6304893,0.20231384,0.5800522,0.48029116,0.5163415,0.587127,0.5607103,0.5387546,0.44897577,0.6821228,0.36308774,0.52718735,0.5749496,0.62408584,0.51065785,0.7259282,0.62562203,0.5909417,0.6124104,0.7071435,0.53211844,0.46065265,0.69967437,0.5794372,0.73010004,0.6421384,0.5531138,0.4621283,0.62150294,0.6300898,0.31736916,0.4168974,0.2908451,0.4626767,0.5828178,0.5923412,0.21169162,0.39596426,0.580866,0.32881775,0.51812667,0.33222634,0.6887203,0.62467074,0.38269442,0.69873756,0.42547333,0.5618402,0.40472248,0.4924485,0.33824164,0.5688698,0.54428333,0.4643172,0.4134556,0.48399466,0.42632586,0.3693104,0.58801806,0.5260643,0.5490396,0.5024495,0.37531126,0.4356885,0.5799985,0.80038416,0.6200607,0.57563555,0.40891814,0.36372256,0.3943233,0.41007084,0.5111224,0.34328032,0.43778598,0.57174695,0.5976567,0.55524683,0.5135044,0.40490568,0.6798914,0.5897305,0.45564803,0.39104486,0.18373074,0.18784992,0.39578998,0.63534015,0.41394636,0.4357304,0.49228817,0.42583337,0.63454723,0.4352507,0.49492228,0.6465084,0.5902409,0.492356,0.5370295,0.5076084,0.6874134,0.74686694,0.24879362,0.61689806,0.24874163,0.6218032,0.55458677,0.3938942,0.47484833,0.21257147,0.6079174,0.5413193,0.64015484,0.5607114,0.5270281,0.47955862,0.6162137,0.48841316,0.6427853,0.4412818,0.4514804,0.27482033,0.4723314,0.5429058,0.6516261,0.5459025,0.41884214,0.3335658,0.6119021,0.48688912,0.43221956,0.6009326,0.47394755,0.5926833,0.5172185,0.49850166,0.40954557,0.6001179,0.53837633,0.6385194,0.71737754,0.7905122,0.42856312,0.64203393,0.5477351,0.59759825,0.46391675,0.64201814,0.67637205,0.4020003,0.7732244,0.7869005,0.72105634,0.43231058,0.3831367,0.59887385,0.65334225,0.48746216,0.6594434,0.7349118,0.8204973,0.68367475,0.72943383,0.5733159,0.39395154,0.5258729,0.7835635,0.6717522,0.59521306,0.7382336,0.7445015,0.61628056,0.64139307,0.72998893,0.5788032,0.733469,0.52872753,0.7076059,0.73924065,0.66902596,0.44050437,0.7524552,0.5370718,0.78271604,0.6007829,0.70131016,0.49497628,0.49553096,0.5131309,0.47686037,0.65866816,0.29567298,0.2895053,0.65941894,0.6498507,0.5449285,0.37300664,0.47109988,0.47727802,0.40722364,0.59225154,0.47394392,0.5641796,0.4172086,0.48962593,0.43763238,0.2279152,0.45125026,0.47838044,0.44310868,0.54403454,0.45735854,0.5425252,0.4461022,0.5158148,0.4789612,0.45199257,0.30789918,0.27038544,0.6130935,0.45783946,0.40617222,0.4435603,0.23891816,0.33424148,0.3438587,0.3273859,0.30767822,0.3080412,0.27169782,0.30728638,0.20312464,0.34759742,0.20527238,0.19718266,0.19718266,0.22720048,0.22720048,0.22720048,0.40366608,0.17436722,0.5235733,0.49377555,0.48413733,0.41776982,0.14038342,0.41292888,0.26734635,0.5720036,0.30686507,0.58566165,0.693888,0.671708,0.557446,0.59311056,0.4548722,0.213646,0.08029868,0.36133975,0.36303395,0.45793575,0.15553534,0.53595775,0.32155764,0.46206135,0.50230616,0.41169524,0.36797434,0.5104627,0.43830281,0.4110293,0.4154721,0.41883644,0.40808135
Article 7 Right of Rental,0.6074112,0.59135747,0.47754937,0.5129111,0.29463667,0.38694853,0.23563778,0.33775425,0.3648477,0.45722425,0.46401978,0.41581014,0.43412477,0.43993127,0.6415643,0.52259153,0.51801664,0.4285494,0.41074717,0.34903198,0.35452604,0.40448052,0.4696135,0.4124315,0.46635926,0.5271057,0.3700711,0.47635388,0.32037967,0.32771015,0.3121814,0.37431115,0.3208038,0.40590078,0.35834727,0.20938756,0.5201826,0.40207973,0.31059644,0.31673253,0.43361634,0.4372425,0.2413061,0.5771048,0.51414895,0.46219707,0.3476727,0.46949703,0.5004169,0.49861234,0.37502354,0.44229472,0.3882711,0.42777327,0.22906683,0.42533877,0.53386956,0.5515098,0.57603765,0.652443,0.6161374,0.40252668,0.5441799,0.4478747,0.42702782,0.5470469,0.3257246,0.5093227,0.5323101,0.41337103,0.3096449,0.44347045,0.4735067,0.40803987,0.6468506,0.37220258,0.49928886,0.5593994,0.6092695,0.57256055,0.56675947,0.5330444,0.45282012,0.5213972,0.466218,0.55891037,0.5358559,0.54534477,0.560055,0.6144184,0.47921467,0.5492311,0.54345,0.45982766,0.5199163,0.5192869,0.56507087,0.5351368,0.5888411,0.4560498,0.58895695,0.5521697,0.36206082,0.48966748,0.4511707,0.51399744,0.52169883,0.6201259,0.6217706,0.5201089,0.5852084,0.4116676,0.56438124,0.5783981,0.62492836,0.6186236,0.3798682,0.45760414,0.26265574,0.42203993,0.49209368,0.49992478,0.45166308,0.42846894,0.49561036,0.48878813,0.54459655,0.47310302,0.5435896,0.65463626,0.49779534,0.5110116,0.46614784,0.29889604,0.41925895,0.49618345,0.20499465,0.46424595,0.5109314,0.5536644,0.4775663,0.46574503,0.5320877,0.3072738,0.38868302,0.26305142,0.4994697,0.44921237,0.4631992,0.45518512,0.5760826,0.5515679,0.45187676,0.46729642,0.5148195,0.41346163,0.34710968,0.58903897,0.54041946,0.54623896,0.50493634,0.25133035,0.47837013,0.44757158,0.452049,0.5164496,0.51121366,0.42848402,0.4433207,0.46713996,0.47856027,0.4835645,0.47090006,0.57975626,0.5375264,0.5989935,0.2053338,0.56216156,0.46943176,0.5187197,0.54711294,0.591363,0.48420647,0.33510688,0.54714465,0.5137178,0.39598617,0.41912222,0.35675973,0.4977767,0.31005287,0.3899441,0.54287195,0.41434032,0.42417437,0.42430845,0.39052266,0.30123156,0.48533434,0.22158119,0.43954867,0.35246593,0.3783516,0.41151172,0.3834328,0.494818,0.32691705,0.3513811,0.30612105,0.5229111,0.25546026,0.573567,0.38717034,0.5076468,0.35200143,0.4738137,0.45140913,0.41581476,0.3517817,0.41973633,0.43179634,0.2804433,0.30778039,0.12986463,0.38095906,0.1416607,0.25283924,0.41940516,0.49362308,0.48451787,0.41333976,0.31727654,0.49591476,0.47418314,0.575413,0.36242524,0.56482196,0.2973618,0.5238178,0.5069238,0.19959608,0.4341125,0.40979183,0.45064485,0.2877326,0.3028775,0.37919512,0.36278206,0.43240395,0.47925004,0.3440376,0.37017426,0.6367171,0.5454382,0.39538532,0.42703444,0.40743876,0.3534662,0.2896606,0.2993722,0.22816065,0.2321932,0.2298207,0.23585616,0.58063936,0.29601854,0.42913598,0.33914724,0.19726138,0.19726138,0.16623595,0.16623595,0.16623595,0.48092866,0.21965095,0.50620747,0.50808376,0.56927264,0.41969222,0.19565484,0.6355912,0.39184394,0.5310638,0.38619468,0.39014322,0.5317457,0.44150746,0.46497893,0.58346796,0.3984362,0.33746475,0.13701081,0.38510033,0.22352725,0.37956846,0.22570439,0.5121433,0.32551533,0.4253082,0.42751145,0.4229868,0.32023233,0.43629768,0.26952028,0.46441975,0.27814052,0.396491,0.31775823
Article 8 Right of Communication to the Public,0.639306,0.50355124,0.5700346,0.49202204,0.28636563,0.47238195,0.4135369,0.36945647,0.47347975,0.61085933,0.5606652,0.6746466,0.3295308,0.29940486,0.42379403,0.5583177,0.4643763,0.48837733,0.51110965,0.27912992,0.4005481,0.31983638,0.37394676,0.4611592,0.5743511,0.48710328,0.51301134,0.5766176,0.5347593,0.5287171,0.4879712,0.5945846,0.54097456,0.49369693,0.53014547,0.30078477,0.54376435,0.50210464,0.4209246,0.5564062,0.46572167,0.5369388,0.32442707,0.5115875,0.404032,0.40097466,0.49665326,0.5093131,0.46613392,0.5571855,0.4612391,0.4609269,0.50415283,0.59197223,0.37168202,0.53297865,0.53274107,0.44535637,0.5193266,0.5928769,0.37958145,0.36046493,0.46087754,0.37978637,0.37766674,0.44468588,0.28067672,0.4952056,0.44491342,0.48857343,0.25993866,0.4808355,0.532562,0.3362531,0.4861405,0.37148654,0.563411,0.55039,0.32698917,0.4459787,0.39905262,0.46174008,0.38003027,0.56490564,0.4860748,0.57284504,0.52511567,0.37584198,0.37085232,0.54496026,0.4738502,0.42955026,0.49712348,0.5112241,0.6388998,0.5292404,0.5037814,0.48473668,0.5283274,0.5441798,0.5774368,0.6146391,0.32650793,0.40099177,0.47929648,0.4232914,0.5061433,0.39938748,0.372481,0.4903835,0.5818883,0.5100152,0.48142803,0.41400418,0.4965515,0.49525702,0.40301085,0.39404386,0.26023284,0.16030006,0.44099927,0.4066181,0.38543177,0.38264832,0.48379934,0.38711572,0.57196033,0.36916274,0.46670386,0.49222428,0.40250194,0.39156872,0.47348225,0.4427969,0.59186375,0.65515697,0.24955907,0.43569282,0.22236268,0.4312275,0.36362237,0.3133916,0.33703643,0.28721267,0.54957575,0.36357862,0.5791254,0.43978012,0.31763363,0.29630646,0.49214318,0.51115346,0.53117865,0.4515857,0.31964475,0.324889,0.3904207,0.5041906,0.5883584,0.52171934,0.3780594,0.3163722,0.49744067,0.39771104,0.484829,0.44663376,0.4085977,0.4471185,0.48218805,0.49428442,0.43883428,0.54956746,0.40420884,0.5129008,0.5613927,0.652017,0.50445634,0.48490137,0.51576364,0.42547548,0.36457,0.4639337,0.47072232,0.42682952,0.54479945,0.59043324,0.52053714,0.32639924,0.2695202,0.6098087,0.46185383,0.38913268,0.50268686,0.5486505,0.55230176,0.47117478,0.44855607,0.35838675,0.35831815,0.28519294,0.58882225,0.49023318,0.3846086,0.43995154,0.5812347,0.5184827,0.36149177,0.42311245,0.39088893,0.513093,0.27327132,0.56603014,0.58691263,0.56690073,0.47819394,0.5026706,0.3722033,0.60998654,0.45121944,0.46340486,0.48882824,0.48685005,0.5024682,0.47798023,0.5960214,0.19937052,0.2355093,0.5424826,0.57516384,0.5377697,0.47821432,0.3410694,0.43410224,0.34757274,0.48167032,0.36902064,0.47830325,0.22266422,0.43769622,0.44635785,0.17081533,0.3448522,0.39535117,0.4794178,0.49677992,0.37857252,0.4723403,0.47773466,0.37529364,0.34264153,0.41449255,0.28259468,0.34410384,0.4182496,0.24531123,0.3487891,0.37820536,0.26975328,0.33392483,0.35213828,0.31898385,0.2934037,0.31580108,0.252352,0.36000484,0.26525366,0.40576822,0.26144093,0.32305133,0.32305133,0.36345804,0.36345804,0.36345804,0.48238373,0.22216955,0.44679552,0.50262094,0.50781405,0.35359716,0.24152724,0.40671337,0.38153934,0.4603365,0.26171565,0.51967335,0.6024034,0.61746657,0.46270436,0.54330176,0.388797,0.22346225,0.12382927,0.37070704,0.2896618,0.3591905,0.17971618,0.5137531,0.109176114,0.46175003,0.40425962,0.36884987,0.35445976,0.39984995,0.24569005,0.40916342,0.42384958,0.36083975,0.36606798
Article 9 Duration of the Protection of Photographic Works,0.32235587,0.20248708,0.23482889,0.26551905,0.40063888,0.23413333,0.20134825,0.11624025,0.4050055,0.38608736,0.37931016,0.38899314,0.3258397,0.34353328,0.26755288,0.30444276,0.28119135,0.32140404,0.17085534,0.11989577,0.16763048,0.10333371,0.18026596,0.2944724,0.3866583,0.33321655,0.41233796,0.4496982,0.26031992,0.47549865,0.2330519,0.4208056,0.237419,0.17710158,0.29578453,0.049113385,0.27667058,0.20897739,0.18628007,0.24846154,0.30785728,0.34560412,0.1699399,0.49117517,0.27904412,0.13392825,0.31591582,0.42546678,0.26955235,0.43493998,0.3808915,0.45582598,0.4687534,0.37625307,0.51272047,0.3015585,0.40117496,0.40722513,0.46060342,0.48182282,0.40851653,0.23498255,0.46087998,0.42624012,0.22311185,0.30968142,0.12037827,0.32005954,0.37473047,0.391126,0.070857264,0.16428384,0.5279609,0.14212248,0.24565479,0.15853573,0.37367082,0.3247242,0.148114,0.52088976,0.28533787,0.23125699,0.25962573,0.22336173,0.15547937,0.2521007,0.271636,0.34101695,0.24383524,0.15437433,0.17397639,0.17841202,0.35426468,0.33060592,0.25222585,0.24564394,0.17847075,0.1547069,0.37144408,0.3963465,0.39782727,0.35158977,0.26740354,0.27246588,0.21256995,0.23289987,0.355671,0.22896472,0.18809825,0.2525584,0.41732082,0.40454596,0.30720174,0.1404371,0.3538661,0.41524538,0.1744788,0.37063515,0.017769292,0.040605877,0.2013847,0.3444665,0.2608992,0.31354028,0.37977827,0.13978723,0.39386678,0.14801362,0.1614292,0.38297546,0.2678099,0.23798013,0.21253054,0.29603654,0.38439032,0.3584376,0.11931391,0.3823288,0.32245168,0.5848279,0.5167958,0.42644632,0.37981004,0.16095786,0.28546116,0.45931035,0.43895242,0.49945974,0.3460518,0.50885737,0.3692084,0.2651409,0.49269307,0.33634073,0.30196002,0.15479076,0.38065648,0.39626044,0.35764843,0.25607446,0.2665106,0.21256402,0.3293319,0.22779655,0.29455924,0.39765733,0.26615712,0.39378503,0.3017727,0.30066183,0.18078482,0.29985392,0.19224852,0.30407625,0.5087802,0.3423809,0.107011214,0.42509204,0.19226241,0.4121766,0.3551547,0.2805013,0.37234485,0.29066023,0.4681821,0.5402849,0.34792113,0.20381144,0.29394215,0.4435494,0.30652553,0.2581072,0.5522,0.3854483,0.46755254,0.43860722,0.39327696,0.33017534,0.36459196,0.31387335,0.41907543,0.30291766,0.34979552,0.47437316,0.33655047,0.2126129,0.34144184,0.48025844,0.3050266,0.49241602,0.46785378,0.43321043,0.35334682,0.34635824,0.33346704,0.41035473,0.34977293,0.37875545,0.34761667,0.3161794,0.2559214,0.25794142,0.36832184,0.1536574,0.35722902,0.08216457,0.0860998,0.37463468,0.38071448,0.22392523,0.25059658,0.29650015,0.26908264,0.27049518,0.339166,0.23353791,0.40407932,0.31481108,0.28175783,0.3413319,0.17776817,0.2763592,0.25109667,0.3321271,0.21659198,0.19447972,0.18341681,0.358869,0.36987525,0.33043957,0.20192835,0.14842615,0.043257337,0.31170118,0.22627702,0.24016662,0.40741938,0.115999445,0.27289262,0.1693834,0.20367125,0.3347418,0.18330474,0.17089531,0.20808388,0.11010629,0.2574712,0.16807163,0.08649964,0.08649964,0.013707556,0.013707556,0.013707556,0.22797036,0.07542176,0.3482486,0.33789888,0.31195438,0.28847232,-0.012938576,0.172614,0.21986286,0.38628292,0.1778529,0.28408647,0.4564436,0.38052505,0.38961974,0.42309904,0.24784648,0.21304531,0.016994096,0.26764384,0.1638038,0.29462343,0.14008234,0.27531978,0.2043491,0.22417141,0.32023,0.24360508,0.2709417,0.3038512,0.43871504,0.38696435,0.23483652,0.27329782,0.24291714
Article 10 Limitations and Exceptions,0.56752366,0.43678212,0.48777372,0.48528206,0.40313667,0.44779867,0.3763795,0.3004955,0.49600464,0.67984676,0.6628764,0.5803228,0.4260705,0.43726575,0.35499722,0.48651585,0.49306446,0.5704334,0.31753445,0.20505485,0.32478377,0.28179413,0.3257624,0.515393,0.54618025,0.5842861,0.5352565,0.6443887,0.49364877,0.5542986,0.49625963,0.6131879,0.43065792,0.40926784,0.43185607,0.18091412,0.5551806,0.48846355,0.41164052,0.42595148,0.4625247,0.43829393,0.3695558,0.551939,0.4163354,0.43745026,0.4714657,0.5477723,0.5006996,0.6230397,0.5019441,0.58777565,0.5308248,0.54184115,0.40365905,0.44488338,0.6180297,0.49966872,0.6169123,0.55864525,0.5177855,0.32774606,0.54471314,0.53579676,0.39997253,0.47074184,0.31185412,0.4645074,0.52248025,0.62565994,0.21079695,0.44174278,0.5708288,0.4165151,0.50257295,0.3030781,0.5658916,0.5643211,0.2792346,0.5842953,0.4256147,0.4374103,0.4143176,0.4348399,0.3934757,0.52522177,0.4159845,0.4641608,0.37658477,0.42989433,0.34127325,0.2968912,0.5419361,0.52252257,0.49793243,0.44870085,0.35049677,0.39070863,0.50854206,0.64576054,0.5221858,0.52804816,0.4860645,0.44981351,0.3882197,0.47182485,0.520232,0.29806912,0.36851937,0.48881423,0.5989131,0.49529296,0.5055481,0.3789159,0.5893016,0.5989045,0.33027923,0.3645506,0.1404204,0.18602744,0.3550901,0.5419022,0.44693825,0.41171777,0.5380292,0.3851177,0.5583454,0.39151224,0.41267806,0.5959146,0.48866028,0.365465,0.42397636,0.48722428,0.56583154,0.5972221,0.23899195,0.5047889,0.16621797,0.50849485,0.47043407,0.28173262,0.3588398,0.19010553,0.42596608,0.53498507,0.5940665,0.40434858,0.4499504,0.3897634,0.6311734,0.48409015,0.5682497,0.441217,0.35250562,0.3103555,0.42701304,0.49161917,0.50537324,0.46897787,0.43945152,0.34577394,0.51674384,0.40079302,0.4906273,0.56471527,0.48716283,0.5359393,0.5057653,0.46890706,0.49362695,0.5250721,0.5121903,0.56847954,0.6790283,0.652965,0.37812304,0.57711387,0.4216811,0.60394466,0.5282124,0.55343586,0.68609333,0.4582802,0.7150358,0.64268696,0.59374607,0.45456052,0.47194123,0.6041693,0.5141523,0.52634263,0.64295334,0.61315334,0.720543,0.61052483,0.59295154,0.5043514,0.41789755,0.4266343,0.67260444,0.515239,0.48673052,0.6614227,0.5854118,0.5328301,0.51449585,0.5620328,0.42931837,0.7044449,0.47218615,0.73004955,0.6212976,0.5943959,0.4103992,0.6245567,0.60133046,0.6592504,0.5766648,0.50121415,0.31743592,0.48926622,0.49495298,0.32702324,0.59793293,0.21651466,0.23630609,0.5644468,0.5989124,0.5322422,0.41093737,0.51519513,0.5276531,0.44641393,0.5875228,0.48055774,0.45312345,0.39552307,0.48479086,0.50289315,0.29134184,0.47620398,0.5342627,0.5055422,0.47928864,0.4226145,0.48939312,0.46982208,0.5280679,0.45714557,0.4037392,0.3819521,0.25500652,0.46468887,0.450042,0.39871153,0.5211611,0.2878884,0.37555143,0.36961138,0.365784,0.41086268,0.37287557,0.35026807,0.34044534,0.33473778,0.45475036,0.2890897,0.21890329,0.21890329,0.16282554,0.16282554,0.16282554,0.4769038,0.18161419,0.57124424,0.5613903,0.4795553,0.48810902,0.12260601,0.4091119,0.33366185,0.5937395,0.39051872,0.48256525,0.7050289,0.6382035,0.5649713,0.5716426,0.53075886,0.35645786,0.25912046,0.48259002,0.30224943,0.46174663,0.27243686,0.36543283,0.3144499,0.51562476,0.5081452,0.42690328,0.40629643,0.45170826,0.37148374,0.48562217,0.38732696,0.38917285,0.43993086
Article 11 Obligations concerning Technological Measures,0.60214883,0.46568513,0.4618519,0.35143295,0.33094126,0.3819641,0.3166368,0.23410922,0.43935263,0.60886204,0.6128683,0.59450954,0.44641966,0.43722454,0.3986814,0.45167732,0.4084686,0.5326301,0.36691502,0.23171782,0.38366932,0.37425837,0.4102013,0.5411497,0.45725206,0.59104294,0.46836364,0.5892285,0.47466442,0.53037876,0.45679742,0.5418668,0.4524478,0.38038695,0.4176902,0.20443845,0.56747305,0.49017805,0.38781166,0.4533763,0.3973028,0.4521421,0.3685906,0.51878107,0.31508476,0.3509085,0.3149715,0.464091,0.41617158,0.5354644,0.47287482,0.518886,0.4610617,0.51531166,0.35200483,0.4840717,0.57209945,0.41836748,0.53687435,0.5656574,0.45177063,0.25600892,0.42292672,0.44063234,0.43980414,0.45631167,0.24524045,0.4617503,0.5099424,0.607355,0.24865004,0.4745593,0.5583459,0.3260793,0.5510248,0.2131742,0.5820514,0.5522363,0.31532615,0.5561546,0.4614101,0.49282488,0.46964037,0.47861475,0.3954487,0.55830324,0.4279081,0.5578158,0.36519623,0.45290995,0.37409717,0.2787305,0.48465937,0.51741886,0.47731873,0.47128403,0.43505767,0.47079134,0.55744886,0.5937536,0.6125537,0.5731412,0.43865275,0.47791588,0.43804863,0.5083814,0.6588857,0.35235804,0.35414982,0.5262408,0.6118896,0.4526603,0.49377814,0.34842348,0.5252527,0.5841967,0.31524163,0.3476438,0.16669358,0.199823,0.36534154,0.552295,0.4738136,0.45160356,0.53667605,0.32348084,0.504816,0.27390993,0.32106245,0.52439946,0.45266002,0.317158,0.4324672,0.50851476,0.5953689,0.6133143,0.20808849,0.3984592,0.12338536,0.45977795,0.4147219,0.19758531,0.32448092,0.18766835,0.4171693,0.4395283,0.61352074,0.37990803,0.35663214,0.34802198,0.6280422,0.5583235,0.45361382,0.48061362,0.33825383,0.3254062,0.4160775,0.6678228,0.57572794,0.5706693,0.49465057,0.4122552,0.56051266,0.46500465,0.5287488,0.56875145,0.55066836,0.51134384,0.53329635,0.45841283,0.5311877,0.5200051,0.53277975,0.54342365,0.6357205,0.6630815,0.43560946,0.52253366,0.505056,0.6065483,0.56431735,0.530231,0.6324612,0.53351307,0.6964909,0.6133589,0.52877295,0.46613407,0.4874382,0.6076603,0.44118056,0.4427641,0.622602,0.6289934,0.69863206,0.5769034,0.5346351,0.49718076,0.45226866,0.38733593,0.6787012,0.52199495,0.45972234,0.62006795,0.54593,0.4912529,0.49346185,0.4952228,0.384857,0.69047165,0.3873833,0.638007,0.62265223,0.4960568,0.31771713,0.54438037,0.5602831,0.63931036,0.54745406,0.43921363,0.26796958,0.4211355,0.4728469,0.3606238,0.56734335,0.17382324,0.2418429,0.49465263,0.595315,0.5611397,0.41058004,0.5696306,0.53686404,0.48783284,0.50773627,0.54978824,0.52998435,0.4052467,0.5447613,0.5281569,0.25390255,0.53106475,0.577839,0.5500723,0.4965183,0.39439303,0.4597499,0.51076514,0.5767145,0.5117303,0.44347996,0.4584334,0.29510295,0.46693063,0.41392618,0.4623817,0.53035975,0.40699196,0.371685,0.40044254,0.43485135,0.39460114,0.38976118,0.39711398,0.5229467,0.39394283,0.47307009,0.37889558,0.22498891,0.22498891,0.16329856,0.16329856,0.16329856,0.5291418,0.27039975,0.6130896,0.60546005,0.4835183,0.46648085,0.17330286,0.4914378,0.4209295,0.4755156,0.2655716,0.41558146,0.69097435,0.57905644,0.4995318,0.5289642,0.51072603,0.31432554,0.18101573,0.4798863,0.22317004,0.4474235,0.29433697,0.37548736,0.32413644,0.5055111,0.5954385,0.47285616,0.3925703,0.53219527,0.27249613,0.45036727,0.3584959,0.41456947,0.47861832
Article 12 Obligations concerning Rights Management Information,0.4603492,0.38353443,0.38726133,0.31271753,0.27212733,0.3255112,0.21404801,0.2548956,0.32440907,0.36462575,0.46842158,0.50319207,0.4817556,0.4139828,0.4422658,0.44043922,0.42229724,0.38659418,0.46970868,0.30957627,0.35303175,0.4456429,0.47975266,0.48127973,0.43500394,0.5382622,0.41007853,0.46435508,0.35180885,0.41271037,0.2746069,0.4132388,0.371724,0.31874257,0.33986044,0.1742271,0.4932629,0.45584837,0.33685678,0.34110954,0.29746258,0.38460568,0.29392552,0.34172946,0.19884054,0.31352535,0.22208284,0.27840364,0.333669,0.45555475,0.45509833,0.46685433,0.43927854,0.4187166,0.36251205,0.48098907,0.31074274,0.3726247,0.43106532,0.4785421,0.32412124,0.20882004,0.2836054,0.26107606,0.42259538,0.34360555,0.17606345,0.36825773,0.45424908,0.39109546,0.31338516,0.3246395,0.37236616,0.262948,0.6118177,0.1831989,0.37990928,0.3698811,0.47600508,0.45579606,0.436526,0.5370436,0.51162314,0.44379562,0.37616628,0.41185403,0.39172357,0.5238227,0.3142674,0.4789464,0.3499962,0.4034146,0.49972588,0.51436985,0.37875235,0.4405623,0.5042072,0.46501,0.5225945,0.46623182,0.53407305,0.46414006,0.3405524,0.40216506,0.48744488,0.4384271,0.6233065,0.37999195,0.26368746,0.38104236,0.5442778,0.3255465,0.44449407,0.31761375,0.36952102,0.4850257,0.33057415,0.25786704,0.19541211,0.27975303,0.3040626,0.47793633,0.36473137,0.5116541,0.4549713,0.3199904,0.40039223,0.20867035,0.31116667,0.4307136,0.3581994,0.2636023,0.46964958,0.46027264,0.4799946,0.5448456,0.20823658,0.19934556,0.2737764,0.38457292,0.46346152,0.2047374,0.28716385,0.23400879,0.40992367,0.32189432,0.455741,0.30637652,0.33790302,0.29376632,0.4233207,0.53245544,0.34971565,0.5131854,0.32564247,0.4533264,0.4310063,0.5463403,0.68492126,0.52215755,0.44385904,0.2757217,0.5293895,0.5238124,0.42285275,0.50801253,0.58093053,0.5053689,0.33407894,0.44788086,0.47064638,0.39590138,0.5310481,0.4183144,0.4422624,0.5388982,0.30685595,0.4298022,0.4731456,0.453047,0.36939168,0.47741967,0.41718835,0.4089868,0.5329472,0.5152143,0.39123195,0.47170645,0.40045214,0.37982768,0.33550352,0.41360766,0.48612285,0.44007814,0.48394087,0.40489835,0.32326734,0.32805234,0.3975905,0.27075422,0.47517335,0.37358207,0.3214483,0.40897298,0.39095792,0.29690582,0.2947542,0.4435469,0.22743198,0.41905785,0.22340868,0.42879415,0.43387318,0.4483669,0.2565469,0.32259858,0.32529163,0.49705845,0.3785957,0.3508385,0.1966236,0.2577354,0.39578432,0.28403848,0.4221751,0.08459601,0.18428166,0.33441305,0.41042,0.50040025,0.29226664,0.45128885,0.4222528,0.51429594,0.462218,0.44173127,0.48519868,0.37902844,0.47340068,0.49559724,0.16048533,0.44962364,0.53967994,0.46296775,0.40370226,0.33790338,0.45793432,0.3595195,0.4898808,0.4704343,0.32561868,0.3233861,0.34009135,0.36084276,0.35869008,0.50995696,0.350142,0.3214592,0.32600266,0.3858735,0.31508368,0.2597565,0.2775975,0.26147145,0.50758725,0.24156907,0.39429647,0.39391917,0.13876988,0.13876988,0.1337102,0.1337102,0.1337102,0.48113582,0.18228553,0.57481337,0.44668126,0.4448716,0.28838623,0.17754066,0.45375195,0.3652239,0.3762593,0.18152723,0.266016,0.42749837,0.33258125,0.32024765,0.3844087,0.30355978,0.24345815,0.06767195,0.2809626,0.26368725,0.24622583,0.15671164,0.39747065,0.21609098,0.29876542,0.3816318,0.36724883,0.19595799,0.36703357,0.06721032,0.36989295,0.22818503,0.3312931,0.27654284
Article 13 Application in Time,0.23995349,0.13453475,0.122672185,-0.006003896,0.2046526,0.14098865,0.11677897,-0.0012966506,0.13513729,0.26826236,0.27220356,0.35076982,0.239958,0.22098657,0.16810253,0.19947053,0.140592,0.18748511,0.23391682,0.21815833,0.31664938,0.24137941,0.28045034,0.37976393,0.26788494,0.3107831,0.40691054,0.24648662,0.17580836,0.20988315,0.3073808,0.228394,0.34614292,0.19040816,0.20576519,0.20181426,0.32455707,0.32342464,0.20526522,0.3228581,0.23396626,0.37184417,0.37951237,0.28295553,0.10477299,0.057754435,0.08469332,0.15111756,0.16327548,0.25243267,0.18252774,0.1490552,0.30330852,0.2354266,0.047853872,0.2913108,0.33707047,0.23839459,0.20520279,0.34604865,0.25067824,0.07045819,0.06775264,0.16595039,0.38554215,0.21883775,0.17060763,0.32943052,0.17907605,0.34419727,0.30657545,0.24413171,0.3586344,0.159529,0.22125226,0.11049243,0.41754967,0.35477984,0.13159642,0.2903116,0.23833913,0.30503726,0.23810175,0.122611925,0.12584455,0.2394746,0.028523209,0.3315631,0.13494006,0.16561502,0.044764765,0.02987534,0.2733429,0.37026298,0.25766492,0.071619384,0.09767647,0.17861955,0.2599842,0.31163153,0.41189438,0.3840748,0.14999177,0.24545544,0.18820176,0.37526923,0.47949922,0.1106969,0.053013004,0.19390908,0.35842502,0.33148342,0.3227719,0.090957,0.2063192,0.29652125,0.15980366,0.22923505,0.10009212,0.056106452,0.29279047,0.34515154,0.3713202,0.35737258,0.3655506,0.073173404,0.2735791,0.09089417,0.094781615,0.18601805,0.1591897,0.039865397,0.25323015,0.49640453,0.35806668,0.27306402,0.3226856,0.20584556,-0.038951635,0.21364063,0.2105166,0.06928688,0.06660268,0.18165883,0.06546575,0.2001881,0.33225852,0.20773181,0.00255437,0.116251215,0.29363996,0.35899562,0.10990442,0.11722571,-0.020030547,0.25284111,0.16112955,0.3560747,0.30212575,0.1906699,0.16026126,0.27700466,0.28367472,0.16596821,0.2868634,0.43465555,0.34716138,0.380625,0.39581606,0.34395587,0.397573,0.32240748,0.43726563,0.20769802,0.3582858,0.2513849,0.2941671,0.22215435,0.3330002,0.4301784,0.42672786,0.2965064,0.39491165,0.52618337,0.36857682,0.21838932,0.17928705,0.36696714,0.34973156,0.4297118,0.15212211,0.3777143,0.27484018,0.44918442,0.45672998,0.31400996,0.17838974,0.43266138,0.27826017,0.23524582,0.42748415,0.18321757,0.21764368,0.40014926,0.27048442,0.10189161,0.2185448,0.13172205,0.0871977,0.4040454,0.20243706,0.3944502,0.4239537,0.18086967,0.18467969,0.25744134,0.49463385,0.26926875,0.3539845,0.18236485,0.07304916,0.2291748,0.36249912,0.26932943,0.38663822,0.11115064,0.24143654,0.2638908,0.3139182,0.40782535,0.2695703,0.30152732,0.2792464,0.24126151,0.22508967,0.32214892,0.22120109,0.23445022,0.31518403,0.3082645,0.24435502,0.3110192,0.41778624,0.46748698,0.30180556,0.23731428,0.337627,0.44605434,0.31529438,0.1949766,0.1948238,0.23577127,0.031773586,0.21977782,0.3173757,0.3412761,0.4139549,0.15743071,0.21558565,0.19609776,0.32504445,0.34184337,0.3602312,0.28406376,0.18137696,0.33107102,0.34121475,0.17172632,0.2762959,0.2762959,0.15352345,0.15352345,0.15352345,0.32603526,0.24795172,0.46857566,0.44885987,0.27817655,0.3742468,0.1828138,0.21549083,0.3796106,0.16007796,0.09501125,0.16819344,0.44878027,0.25665122,0.34328216,0.35028023,0.33703837,0.1788126,0.20944351,0.38163266,0.071575046,0.34345457,0.360461,0.15286994,0.264492,0.37576586,0.4302165,0.4501359,0.35296077,0.43981057,0.0930482,0.35733467,0.22069883,0.31767672,0.41280204
Article 14 Provisions on Enforcement of Rights,0.34573668,0.25196174,0.2565999,0.16525976,0.33447897,0.2009459,0.17410088,0.118638664,0.22515404,0.3590886,0.4147107,0.36388218,0.39849046,0.38582882,0.30135655,0.28615975,0.2818984,0.34430337,0.29999822,0.31074,0.4184846,0.3587451,0.43021935,0.49200222,0.27514634,0.46188194,0.3748296,0.3549623,0.26106107,0.3076445,0.2950558,0.32129383,0.35001016,0.2520647,0.24847004,0.18088749,0.44913548,0.41804767,0.27209014,0.29569012,0.27502158,0.40358043,0.36123067,0.38254857,0.22541054,0.22447906,0.12906575,0.2483253,0.2563425,0.37969258,0.29150814,0.33911765,0.26223242,0.30098873,0.108732626,0.35451865,0.4520717,0.33383518,0.35474712,0.43277752,0.39915472,0.12756565,0.23931083,0.29652846,0.46210772,0.39874405,0.23201665,0.4730657,0.3795458,0.50200605,0.32387078,0.35857275,0.42663562,0.2769607,0.46639806,0.14678644,0.411712,0.4593146,0.29695672,0.46735358,0.41956836,0.46339512,0.40471873,0.24869505,0.26157957,0.40385848,0.20459944,0.51382196,0.2636987,0.32743806,0.205196,0.16634479,0.41287333,0.48346364,0.29904142,0.22357053,0.25623676,0.35343274,0.4195292,0.38735738,0.5068117,0.42361915,0.3410327,0.35289636,0.32272512,0.47621557,0.6239704,0.20957729,0.2242747,0.33828068,0.5173299,0.3377487,0.45595157,0.2756293,0.41632015,0.47145873,0.23888224,0.26934254,0.16434638,0.22195849,0.32625192,0.5251411,0.49812794,0.47247124,0.46537554,0.23993197,0.3534038,0.20700932,0.20437092,0.41239214,0.3278796,0.20199925,0.36365604,0.52829456,0.428496,0.35639733,0.30496937,0.27672082,0.086949125,0.34996986,0.3275343,0.14914374,0.23384233,0.20077205,0.14380161,0.28532368,0.43920404,0.22445217,0.21206373,0.2656573,0.5001745,0.49034953,0.18781395,0.3167979,0.18387967,0.33341664,0.30351877,0.50566065,0.40778416,0.35680145,0.381155,0.35549223,0.43560153,0.34397468,0.48263258,0.53074473,0.5490345,0.4739896,0.4928133,0.41821986,0.53614366,0.4078321,0.55384755,0.392608,0.51335704,0.4328557,0.31057304,0.44605038,0.406924,0.59713894,0.60108286,0.4570377,0.56667674,0.58549386,0.5655991,0.4002846,0.27425626,0.4797094,0.49375638,0.51018095,0.2770404,0.46471095,0.488918,0.5187423,0.5784893,0.47364748,0.33038473,0.50233865,0.44690245,0.34479374,0.5301058,0.2922094,0.37455383,0.5518257,0.3376667,0.25687993,0.32075825,0.24604598,0.20804086,0.6381197,0.30386227,0.5466201,0.48888916,0.3150183,0.23995456,0.40357476,0.6287976,0.40317392,0.45509648,0.29388952,0.11781589,0.2833038,0.34790486,0.17980778,0.41089267,0.11548973,0.19490755,0.31513938,0.40446514,0.47033805,0.30472657,0.4750144,0.47671252,0.4633103,0.40789545,0.51665187,0.41185462,0.40600812,0.48533314,0.5285337,0.32521787,0.5256349,0.5967146,0.5681994,0.37539697,0.31815824,0.40953237,0.44370624,0.50482714,0.4011814,0.32421353,0.3993594,0.23358132,0.29281443,0.44732353,0.5286878,0.50379723,0.31748468,0.29733232,0.3333378,0.4225447,0.39017957,0.40112236,0.39721438,0.43697587,0.38803893,0.4774621,0.33873066,0.18805245,0.18805245,0.08579836,0.08579836,0.08579836,0.4583171,0.26009223,0.5881963,0.52052927,0.36451173,0.40809235,0.1743841,0.408471,0.48621655,0.34638232,0.27733245,0.23132339,0.5761525,0.34277445,0.4824661,0.4423147,0.42618603,0.28600654,0.2475752,0.45749485,0.12513268,0.40786326,0.38463646,0.26527166,0.37286156,0.43262827,0.6150883,0.5725132,0.4448508,0.5619998,0.20214751,0.42864382,0.21856213,0.4263931,0.49634555
Article 15 Assembly,0.2766469,0.1958048,0.3383776,0.12288311,0.19253018,0.15772992,0.28085995,0.12856783,0.2511326,0.33525866,0.3815971,0.26412025,0.48881757,0.4930428,0.24744019,0.197972,0.29068044,0.458129,0.26773664,0.24318597,0.3091472,0.38395387,0.34496558,0.37344503,0.24247056,0.29639944,0.40064666,0.2930572,0.22585562,0.17311631,0.30211,0.2775515,0.18758297,0.26525196,0.18303621,0.12994245,0.3348558,0.33186972,0.22469951,0.16537718,0.2746053,0.21012536,0.26440695,0.23485723,0.31421903,0.21701305,0.15956542,0.23504873,0.2422148,0.41432172,0.2511542,0.37255627,0.25607958,0.29924235,0.109494776,0.35786992,0.41548058,0.34025744,0.31174213,0.43352008,0.37662426,0.21625663,0.26566708,0.30971295,0.35391507,0.3804409,0.18662192,0.29039097,0.21725285,0.43725246,0.33846384,0.40061763,0.32847458,0.30506325,0.37408996,0.2124894,0.32166082,0.29467976,0.32161433,0.34372747,0.45855334,0.3197824,0.3303601,0.19550227,0.29627812,0.31545582,0.13806894,0.4528221,0.21767196,0.3251742,0.2022678,0.23461002,0.33825696,0.36128044,0.32233357,0.18433562,0.23323818,0.2800417,0.33577144,0.38416946,0.3657586,0.2831559,0.28286958,0.38104993,0.3437312,0.38357174,0.44308922,0.1834475,0.26971495,0.3457244,0.40918803,0.33191392,0.38966304,0.30294424,0.36450872,0.35524687,0.1312962,0.21253137,0.08984199,0.26332504,0.21672001,0.42164823,0.26378587,0.37914053,0.38938946,0.32871416,0.2900181,0.29130512,0.3169281,0.41520542,0.3276019,0.19139832,0.28635862,0.38762823,0.26902813,0.24414837,0.23739642,0.20662516,0.1601009,0.27583283,0.19167307,0.200156,0.20939475,0.15348223,0.13037388,0.21583974,0.2451061,0.20636396,0.21046811,0.24463989,0.49458593,0.3952385,0.15510428,0.15621763,0.07039255,0.39863884,0.22307596,0.29573587,0.26305655,0.25782573,0.3314367,0.3312943,0.38717538,0.30635494,0.39724293,0.45958394,0.4499396,0.33266264,0.33277842,0.33043736,0.48533875,0.2961272,0.323364,0.28688666,0.31328073,0.34716383,0.17239091,0.2968123,0.26088285,0.49836057,0.52319074,0.5172612,0.57400775,0.39710355,0.43814653,0.25532866,0.19218874,0.40734366,0.38364774,0.34180397,0.20897833,0.5400279,0.31998327,0.39264697,0.39000863,0.3553815,0.39232013,0.40352392,0.27141124,0.29459223,0.41094312,0.29837352,0.28192756,0.43843085,0.28450483,0.32705283,0.2981578,0.23306689,0.24185455,0.4009564,0.26659513,0.46187237,0.36370298,0.33919448,0.13608785,0.34359372,0.4927647,0.29027528,0.33298784,0.31835884,0.14917824,0.22597718,0.24087939,0.07307556,0.3194393,0.15303665,0.2582259,0.3332217,0.39345416,0.49154428,0.3850468,0.26114646,0.4132161,0.3061272,0.36830762,0.2587954,0.22002885,0.18923292,0.29345584,0.30773103,0.2602104,0.29313615,0.4622143,0.44285467,0.1701044,0.3257472,0.43629885,0.24899635,0.2907852,0.25397024,0.21359521,0.29394364,0.25341612,0.25230563,0.3679149,0.3061536,0.41661757,0.16427836,0.20705035,0.19213459,0.274467,0.14991975,0.2590339,0.24924047,0.25538006,0.33168602,0.38138008,0.40998328,0.16314697,0.16314697,0.035474736,0.035474736,0.035474736,0.50335014,0.20627084,0.52439106,0.47513482,0.4508583,0.5320226,0.10996956,0.3054123,0.29625905,0.32997084,0.24747914,0.15571278,0.3963871,0.26031753,0.3045714,0.37409282,0.3960215,0.5466845,0.35898182,0.5102696,0.23909302,0.48346567,0.4904335,0.19049957,0.24492814,0.42722636,0.2988541,0.35644698,0.30369046,0.37389708,0.085845634,0.27714354,0.22915743,0.12780704,0.32389998
Article 16 International Bureau,0.097628474,0.05156632,0.12879714,-0.03936911,0.23873705,0.04353824,0.13053769,-0.0072244275,-0.010714158,0.060316492,0.13039044,0.14692932,0.28506452,0.24421328,0.039904777,0.1303194,0.09052049,0.27135056,0.15868981,0.27916554,0.32954052,0.25894624,0.25332323,0.16195248,0.076517,0.05731293,0.20490894,0.061880335,0.029257355,0.059408817,0.12872879,0.07364895,0.16160963,0.13311212,0.077527285,0.093382984,0.19649065,0.19853699,0.15426546,0.1209986,0.078393914,0.18400788,0.22455645,0.10803841,0.17741893,0.053225633,0.029528514,0.032702554,0.072777644,0.19205202,0.0785339,0.14909574,0.108872734,0.13636234,0.022322305,0.2774552,0.19405553,0.11572063,0.03487768,0.21392539,0.13124698,0.040532675,-0.005974047,0.06158903,0.29598778,0.2388727,0.10897727,0.28019023,0.082174465,0.24505924,0.22525752,0.39039078,0.26481867,0.21661708,0.19487885,0.05318202,0.16713765,0.22076027,0.1382625,0.13378091,0.22292176,0.2103809,0.1933002,0.07874424,0.15508805,0.19855939,0.060917743,0.2517955,0.12466034,0.16033757,0.1463001,0.17874126,0.18794009,0.30522814,0.24583094,0.0608611,0.17767364,0.22167194,0.1927569,0.10980381,0.2693525,0.24917832,0.1195864,0.095809445,0.21541357,0.29267174,0.39137354,0.07230648,0.10239406,0.1729961,0.16232803,0.17647377,0.2626216,0.2024501,0.16261175,0.19257893,0.17811382,0.16657254,0.045138046,0.19613399,0.17147179,0.17555684,0.21827328,0.2478459,0.2601735,0.09880931,0.15114231,0.12660518,0.1112303,0.091489375,0.17413035,0.108778,0.23829244,0.3454079,0.16800034,0.074297056,0.26890904,0.045889776,0.060498234,0.078542866,0.028294392,0.038219996,0.062204495,0.06611801,-0.009865843,0.07808606,0.22756454,0.0317469,-0.02493313,0.03262695,0.22756675,0.22875711,-0.06382353,0.07870018,-0.099296734,0.2559533,0.088827424,0.19805245,0.18408641,0.122784704,0.18482843,0.22223538,0.15857364,0.08519792,0.2834546,0.30370826,0.27591884,0.19782595,0.22647294,0.21417344,0.33438066,0.23140845,0.22589353,0.111515895,0.198974,0.085792616,0.21415102,0.1304792,0.2520936,0.29835916,0.31518233,0.18513143,0.31836882,0.42649233,0.16664,0.124306455,0.03588538,0.27760842,0.3074397,0.28684935,0.06046074,0.33461112,0.17286135,0.29428968,0.21500163,0.21842873,0.13848075,0.2871196,0.22436133,0.17339694,0.24310282,0.101027876,0.19722709,0.227334,0.12685859,0.113060705,0.07213907,-0.012257321,-0.0039458666,0.25334808,0.16804218,0.24333566,0.2817011,0.06111426,0.12833491,0.13278215,0.33156577,0.08480923,0.1964029,0.08311153,0.05395372,0.16415098,0.14553908,0.11465888,0.2179522,0.033901963,0.15159081,0.17591992,0.22988874,0.42102104,0.1839454,0.09074174,0.17693438,0.09082667,0.15950705,0.17481364,0.07939269,0.1398767,0.18096584,0.21816298,0.22292611,0.152444,0.30607915,0.36566037,0.13871029,0.19784985,0.18743528,0.20595753,0.21149504,0.09501891,0.106391996,0.09839314,0.09781979,0.054041684,0.10784485,0.29259062,0.29695588,0.03750423,0.09331757,0.11827898,0.28666204,0.1628108,0.24115503,0.25689787,0.09790618,0.27413017,0.27160877,0.16235448,0.13191359,0.13191359,0.044434085,0.044434085,0.044434085,0.3500997,0.14579195,0.32246017,0.45286974,0.35094208,0.36749607,0.124209814,0.1548129,0.35029638,0.14094836,0.20406803,0.16071627,0.3725981,0.19235574,0.3335597,0.2430792,0.22612038,0.24285512,0.22842689,0.30769134,0.23385221,0.25279924,0.3616257,0.16583341,0.18948716,0.26043743,0.33286992,0.3194201,0.33751476,0.33202714,-0.00758266,0.15382643,0.17119667,0.120848104,0.3026984
Article 17 Eligibility for Becoming Party to the Treaty,0.14087114,-0.0036456585,0.19051331,-0.0067971908,0.30295336,0.017012527,0.086291976,0.01984218,0.14547105,0.22773941,0.22947064,0.1708962,0.28154558,0.29683727,0.062494237,0.13608044,0.13717249,0.28688568,0.1975107,0.2189685,0.35102326,0.25201383,0.2729401,0.31247443,0.12375447,0.15224496,0.31335083,0.15423131,0.13178192,0.16490644,0.23488155,0.14993154,0.15858895,0.06662971,0.11540357,0.06931747,0.25063547,0.24583086,0.08750574,0.15080374,0.16616803,0.19051267,0.16770756,0.16140972,0.13596205,0.03968603,0.07071477,0.12665533,0.11114071,0.22509181,0.18756059,0.25772527,0.17479707,0.15099058,0.03977492,0.29553813,0.26603633,0.1369531,0.1416807,0.24443892,0.18578428,0.014751351,0.03395068,0.13139342,0.312976,0.2283872,0.08050091,0.28668368,0.09373534,0.3785208,0.12459545,0.3226206,0.29210398,0.20708707,0.23829198,0.05444509,0.17158428,0.2562495,0.094679885,0.2487753,0.28023887,0.29656178,0.19277555,0.11494038,0.16955945,0.19958624,0.03235353,0.29695696,0.114223726,0.15227409,0.041489646,0.18127672,0.22080095,0.34979734,0.1759569,0.048874885,0.10889563,0.13612469,0.21150774,0.20100752,0.28403902,0.24225399,0.2449412,0.18652004,0.2028304,0.34775704,0.39856917,0.12145206,0.09418177,0.16654527,0.27476126,0.23177719,0.36085942,0.1712232,0.22407615,0.27409637,0.20404083,0.24054697,0.051615592,0.12097503,0.17657284,0.28413108,0.30149198,0.29707968,0.35791534,0.08978883,0.17251308,0.031806655,0.09141693,0.1586732,0.16146278,0.1778505,0.25683498,0.36034983,0.23471276,0.14317541,0.22394775,0.07591976,-0.029654836,0.11839409,0.12547535,0.019847162,0.06896232,0.11930297,0.06605348,0.24055094,0.21762267,0.09290854,0.1323477,0.111555904,0.27816963,0.33790556,0.044574685,0.119507,-0.002103663,0.225246,0.1813469,0.20897871,0.18903872,0.137209,0.17737016,0.2637325,0.25955695,0.16769597,0.33509862,0.36880022,0.35603088,0.2733826,0.31719252,0.23025043,0.30863896,0.2315104,0.262935,0.1640368,0.28600764,0.1514925,0.13844691,0.16041115,0.20264035,0.40334,0.40658182,0.18218163,0.3938717,0.4153639,0.25025475,0.15105052,0.07650034,0.36849758,0.3642801,0.34623104,0.15537542,0.3961327,0.26375163,0.22939709,0.3153308,0.24568209,0.17612736,0.2994354,0.19662958,0.21460053,0.2586418,0.119889274,0.16496131,0.30235907,0.16404691,0.04408378,0.058539227,0.104067706,-0.024226759,0.29431197,0.18875659,0.31142426,0.3008083,0.14544645,0.08928362,0.2078665,0.3462817,0.17757884,0.21361989,0.046297893,-0.015761076,0.30189818,0.31204355,0.14788067,0.27059788,0.048833437,0.063407496,0.2229774,0.236874,0.42747915,0.2542369,0.23682979,0.24099763,0.2165463,0.2172842,0.21027991,0.17528236,0.19366841,0.17779617,0.23640141,0.22286925,0.19749072,0.33042705,0.359811,0.10623294,0.15441607,0.32564676,0.20358986,0.22999892,0.18828565,0.14378637,0.14910482,0.059904903,0.065692276,0.14152865,0.2984824,0.3908478,0.08940883,0.15318707,0.15539609,0.2609803,0.18915837,0.17448407,0.19117463,0.13374892,0.30623215,0.29073727,0.2229242,0.1273539,0.1273539,0.040486127,0.040486127,0.040486127,0.3759451,0.14182833,0.38080105,0.39789823,0.34486142,0.38492107,0.06866126,0.1770469,0.25010565,0.20716369,0.2004131,0.12728845,0.40304208,0.24545822,0.33042407,0.22384307,0.26970243,0.29955775,0.2717659,0.38687325,0.09133804,0.3563256,0.35725197,0.13570379,0.16019699,0.3171749,0.30295143,0.3572546,0.21735576,0.31031826,0.06495241,0.23552305,0.20601575,0.1767917,0.3326154
Article 18 Rights and Obligations under the Treaty,0.19497457,0.15917341,0.19434184,0.09076529,0.20235617,0.103273205,0.12010866,0.032215506,0.19449979,0.36176872,0.33694318,0.30467525,0.3350737,0.35637644,0.24051645,0.21811675,0.258255,0.1350237,0.24106792,0.22997478,0.21259844,0.21262999,0.2249994,0.3811555,0.2877664,0.33643442,0.45882374,0.32827264,0.23089868,0.22459474,0.23199064,0.21854347,0.23647697,0.1909744,0.10558304,0.02595533,0.2667508,0.24616805,0.17143424,0.15554807,0.15591046,0.23449191,0.24820524,0.21100533,0.15767229,0.15379669,0.07011248,0.19100037,0.1402351,0.3573036,0.17917176,0.27566206,0.16118546,0.250657,0.10684622,0.25658056,0.32867375,0.25213534,0.23979816,0.29705474,0.20262706,0.15220279,0.15695137,0.23126766,0.38928807,0.25466296,0.112074405,0.26581547,0.22336838,0.38278997,0.22848189,0.23324245,0.30628854,0.15765247,0.2913437,0.064808175,0.25986126,0.2475722,0.16406521,0.32461292,0.18582733,0.32827562,0.20603456,0.09786236,0.09032884,0.19109832,0.03768774,0.3227715,0.04988818,0.15267462,0.02208836,0.06559597,0.30716878,0.3212922,0.16358562,0.06198991,0.086486384,0.13173799,0.27349988,0.32179415,0.3356108,0.2028453,0.25823066,0.24858922,0.16981737,0.34945583,0.43960655,0.097107604,0.103802904,0.18589506,0.4054889,0.3143755,0.32317722,0.16697377,0.3100504,0.28361723,0.0823766,0.16624793,0.0017850995,0.09838438,0.12544078,0.39022213,0.34206533,0.38719273,0.37948316,0.18649408,0.24872436,0.08484939,0.16197175,0.31531388,0.21389757,0.04438595,0.21272698,0.478191,0.29911217,0.2613245,0.22993629,0.185077,0.0046029864,0.27898088,0.29285848,0.07178958,0.08877341,0.091606945,0.08170805,0.2502956,0.258698,0.2126235,0.13967717,0.18746586,0.35219127,0.35872945,0.13390392,0.09668769,0.094953,0.21500257,0.23232779,0.32696092,0.28367633,0.18531322,0.16752638,0.18387148,0.3097083,0.21401092,0.3213256,0.40162808,0.39618665,0.3657309,0.3453156,0.2756322,0.35095692,0.2259962,0.43349713,0.22356069,0.34059346,0.30798504,0.2315689,0.28582582,0.29369465,0.49778035,0.44591695,0.3606374,0.4325235,0.40692657,0.43828952,0.24754132,0.181034,0.35167038,0.34207225,0.37872547,0.20981908,0.3593132,0.33353183,0.39688522,0.49056953,0.30894023,0.23782575,0.384759,0.2927053,0.18269098,0.43999428,0.17742875,0.17362818,0.46160328,0.23421353,0.12696986,0.16897139,0.18390724,0.0666314,0.406312,0.18042772,0.46372798,0.4278081,0.22169092,0.12394816,0.3500193,0.53084874,0.3223024,0.30065322,0.19776908,0.053250697,0.26547313,0.3427049,0.22048485,0.35036728,0.12934633,0.17076293,0.20478097,0.230909,0.31252915,0.25977898,0.3364921,0.28816304,0.23335817,0.3186931,0.35334402,0.21644679,0.25454122,0.23448217,0.27081525,0.14654642,0.36035922,0.42691654,0.39477527,0.2819914,0.24376479,0.44770533,0.37193087,0.36294943,0.27796727,0.1576581,0.19136077,0.077982396,0.20404375,0.3448137,0.27752653,0.3147923,0.11549892,0.21328345,0.15438333,0.25263688,0.25615138,0.30553725,0.25445935,0.19100374,0.17369837,0.23801105,0.18439974,0.054717094,0.054717094,-0.02573193,-0.02573193,-0.02573193,0.2683686,0.114491895,0.48947832,0.36700237,0.20746225,0.2722109,0.02843758,0.2259351,0.21344629,0.18288337,0.15928365,0.1253953,0.40264446,0.2129682,0.34759948,0.30265763,0.25063235,0.26033998,0.2591769,0.35999095,0.06334338,0.2746566,0.42532742,0.126716,0.23541865,0.2927511,0.42231947,0.40319395,0.23307997,0.37149268,0.09724803,0.33678234,0.12173334,0.19624539,0.2856267
Article 19 Signature of the Treaty,0.0304551,-0.023277089,0.064089,-0.05577854,0.20360598,-0.025705898,-0.023270912,-0.031238984,0.089589015,0.15677926,0.11576359,0.13157858,0.09147508,0.09036865,0.011712854,0.08112724,0.025094373,0.17565233,0.14685634,0.21964762,0.34372014,0.22553732,0.17240775,0.25283754,0.07533037,0.14030893,0.103860304,0.08310202,0.14425354,0.1344474,0.23331922,0.20429523,0.20752569,0.09704084,0.20739491,0.14661402,0.26265666,0.24871868,0.20269041,0.21075746,0.13840166,0.21988288,0.3589608,0.1958617,0.018828709,-0.035591327,0.12055171,0.075895876,0.09480849,0.05802179,0.19493283,0.090241924,0.13349026,0.09486987,0.042166807,0.25426584,0.2688917,-0.006102862,0.047482226,0.12106225,0.0714693,-0.06283608,-0.058576956,0.16518262,0.28983998,0.18051542,0.12755713,0.2525655,0.14235109,0.31434494,0.141839,0.3018986,0.23175529,0.15353605,0.15167496,0.029762778,0.23583937,0.22488992,0.018364295,0.17937624,0.11908625,0.29345968,0.15099916,0.10520704,0.0867156,0.14255758,0.06799837,0.23336104,0.16924953,0.11013948,0.07900656,0.068554536,0.14699438,0.2980377,0.1356337,0.07236871,0.11564557,0.13174266,0.17240886,0.13712358,0.22320718,0.2304459,0.15344025,0.09631555,0.16730039,0.25055778,0.26444167,0.075686455,0.053108357,0.08975433,0.12322813,0.13932589,0.3086749,0.104759604,0.14137837,0.15983346,0.29249814,0.15041272,-0.012364186,-0.0025361702,0.26781946,0.25652015,0.23461106,0.20282902,0.26438713,0.025191005,0.13008669,-0.015516631,0.029804347,0.049472075,0.21032982,0.17556418,0.26083905,0.27473745,0.28400755,0.09098349,0.33157283,0.06601585,-0.13050695,0.00072617177,0.05570299,-0.021328464,0.07101075,0.044213265,0.10467336,0.21426046,0.19865552,0.089366026,0.058385156,0.05180778,0.12012826,0.18971634,0.0018501393,0.10660866,-0.09602154,0.15209703,0.1134218,0.16087808,0.13871464,0.1254173,0.06778936,0.31540555,0.22891277,0.18462703,0.29873264,0.31203198,0.24269456,0.2049725,0.3096687,0.19242087,0.1775777,0.2668797,0.1796852,0.12621482,0.2190082,0.085191175,0.14007184,0.12392356,0.20565882,0.32860446,0.35800266,0.049311243,0.29616272,0.48194766,0.18836483,0.11959108,0.08272804,0.1615895,0.21845466,0.2915743,0.19159755,0.28171766,0.13101096,0.26708207,0.30024478,0.2960514,0.20172231,0.4035457,0.08472181,0.3229133,0.2718562,0.14303935,0.3084137,0.33552444,0.2061005,0.0640372,0.14961322,0.066792205,0.048970036,0.30603915,0.26036495,0.23481645,0.3751781,0.096519835,0.15251255,0.19753404,0.30159393,0.13760293,0.28070536,0.11148006,-0.046113037,0.22594503,0.21751292,0.19897592,0.22508782,0.10559596,0.12506053,0.20750606,0.22733705,0.35047266,0.15921149,0.17450581,0.13973135,0.11244023,0.098136604,0.17691949,0.123169616,0.32382515,0.10521998,0.1418911,0.3355268,0.16022849,0.25823504,0.25245303,0.06359195,0.1835281,0.15155514,0.16548139,0.16593024,0.07069913,0.19670704,0.17748816,-0.0122208595,0.09502803,0.15186593,0.2153673,0.38009912,0.14978155,0.18894306,0.13865064,0.27915984,0.20871866,0.23675454,0.25223392,0.030266866,0.21436802,0.2332793,0.09127156,0.32954812,0.32954812,0.088441566,0.088441566,0.088441566,0.21465202,0.22088623,0.18416378,0.26730502,0.23207206,0.23159412,0.19435288,0.096999094,0.21878302,0.08680472,0.20227847,0.17143305,0.34730476,0.23508252,0.34643406,0.15610813,0.19754973,0.086942784,0.20977777,0.20416032,0.021949612,0.3124581,0.2608338,0.04691906,0.25744325,0.26037717,0.29432094,0.32964617,0.22012018,0.319776,0.056730393,0.1468192,0.15282923,0.20571175,0.3499819
Article 20 Entry into Force of the Treaty,0.105771184,0.06121877,0.09071087,-0.013457599,0.24947987,0.060781818,0.029261883,0.048135076,0.07723156,0.13722585,0.14810276,0.18320203,0.13605903,0.12732172,0.11712851,0.20083429,0.055303484,0.18117413,0.07840645,0.20335013,0.25438634,0.16085908,0.21660116,0.20267837,0.1190646,0.1651698,0.15600725,0.10151529,0.08183289,0.15618074,0.22023712,0.2063566,0.27852064,0.14533305,0.25616795,0.16559029,0.33516827,0.3077473,0.22251849,0.31225753,0.17038518,0.32124022,0.3819942,0.28364456,0.22501937,0.04070819,0.1892606,0.14234507,0.1761339,0.091579854,0.21205671,0.119607225,0.17494771,0.15339634,-0.009753289,0.25034016,0.36038148,0.07142872,0.09327358,0.16901505,0.17083395,-0.022729259,-0.01720127,0.26965094,0.26991504,0.18482819,0.2380374,0.39066684,0.17568582,0.30649188,0.1709826,0.29895663,0.31177068,0.18920438,0.21098563,0.10178718,0.28544486,0.32935128,0.1047616,0.22102416,0.23701483,0.2747894,0.1761865,0.12218979,0.12603208,0.22758204,0.059160106,0.23984784,0.33409482,0.11513273,0.11448625,0.14985517,0.18036509,0.3333593,0.20374882,0.06847208,0.10380105,0.18766883,0.24902287,0.18532059,0.35095632,0.33936873,0.21181643,0.0954034,0.088980824,0.26866537,0.32924044,0.13039543,0.11807473,0.14537638,0.17223403,0.2089835,0.30039722,0.12492668,0.19195697,0.26004967,0.38943613,0.21142267,0.1745468,0.104378685,0.30914706,0.22222283,0.3135475,0.21907675,0.31390867,0.029820396,0.1876753,0.072512686,0.04732131,0.077983506,0.24331632,0.2492035,0.36594757,0.32929868,0.3549769,0.16280532,0.40823165,0.13544983,-0.054079793,0.062590845,0.09988948,0.04565496,0.13395247,0.1224141,0.09253653,0.16872567,0.32362476,0.13545646,0.030635778,0.040620517,0.19061513,0.26803374,0.0076958854,0.17490742,-1.4023855e-05,0.18698548,0.078257985,0.2434861,0.2197606,0.11793889,0.16874835,0.27627715,0.17597811,0.09763527,0.28184617,0.36989567,0.23963258,0.2717856,0.30919075,0.24559191,0.23837951,0.33914617,0.27924797,0.22188619,0.3499009,0.12036152,0.27428123,0.19771624,0.25498554,0.40153283,0.3831229,0.13068345,0.34244114,0.5212491,0.20811759,0.20067699,0.12744084,0.3823582,0.32234466,0.39072192,0.2545665,0.34136423,0.22271541,0.3038618,0.3389624,0.39654535,0.16902241,0.45898056,0.25712323,0.36602682,0.2864163,0.13781653,0.40173733,0.31265607,0.22767633,0.09181684,0.13046485,0.056469794,0.037081685,0.41621524,0.23923028,0.2877242,0.36250088,0.11178018,0.1961846,0.2905353,0.39011255,0.14421023,0.30623704,0.12266964,0.07102515,0.16949654,0.25762406,0.254419,0.30674282,0.07331553,0.12603262,0.2236264,0.26840925,0.3752452,0.16198564,0.17708895,0.18016708,0.14740242,0.16623995,0.21331948,0.21037143,0.32197237,0.2316648,0.2783423,0.41334277,0.1773156,0.2883333,0.35200888,0.11676332,0.19041902,0.17756078,0.26370558,0.2102277,0.10459348,0.1559073,0.24927394,0.06354436,0.09151075,0.15706256,0.35206985,0.4101621,0.21087888,0.17820512,0.19508806,0.3208922,0.27284902,0.21508004,0.24505356,0.1117346,0.35115373,0.33248416,0.04582414,0.25217974,0.25217974,0.120179825,0.120179825,0.120179825,0.23688266,0.24640118,0.32362717,0.37585974,0.29971355,0.3332765,0.17646082,0.17033136,0.36544928,0.15937306,0.28060433,0.17644952,0.4188177,0.23091851,0.4084422,0.23792809,0.20451248,0.12289764,0.18569292,0.2718287,0.088197194,0.39273942,0.2315852,0.1928823,0.29728115,0.36723304,0.421422,0.4655742,0.3875776,0.48076972,0.136545,0.2401683,0.20665386,0.34654546,0.47803172
Article 21 Effective Date of Becoming Party to the Treaty,0.17033805,0.12250981,0.17743433,0.06176572,0.34155548,0.094050616,0.01869889,0.049988687,0.1620106,0.18832946,0.22523808,0.24538144,0.18693174,0.21777052,0.21065426,0.255453,0.13060254,0.28171924,0.16487409,0.24858095,0.40159824,0.21301144,0.26252472,0.34739387,0.175738,0.24059537,0.30197865,0.17949252,0.1229933,0.2116316,0.39704418,0.27635112,0.43917114,0.32470334,0.38633615,0.29884085,0.3837018,0.46907535,0.3298092,0.46498227,0.36556068,0.48409748,0.47474718,0.367438,0.21446413,0.0970739,0.2632684,0.21207689,0.28142303,0.14902627,0.2845633,0.17872658,0.34561074,0.23200345,0.019971311,0.31669563,0.4006657,0.21126202,0.17397597,0.3596757,0.25158393,0.023468655,0.0065130736,0.2402608,0.33763266,0.24014047,0.25023466,0.45605373,0.20301029,0.35066158,0.26580608,0.3019838,0.4160182,0.16752766,0.23087251,0.16361265,0.389238,0.41785827,0.21796113,0.2614268,0.27806193,0.42079085,0.22352226,0.18972734,0.17640206,0.25383106,0.08179522,0.28512144,0.3730988,0.20523998,0.15315446,0.3055994,0.31051153,0.3912716,0.37039426,0.09614337,0.1611217,0.19717824,0.292363,0.26642802,0.495248,0.4086812,0.22530875,0.20680264,0.15991531,0.35845187,0.45306993,0.19429058,0.16225258,0.261759,0.32073218,0.2791841,0.38238877,0.12560871,0.21955496,0.31478778,0.47527725,0.3178119,0.19040583,0.1278739,0.45310602,0.33233118,0.40096185,0.29670966,0.38898957,0.11323935,0.2833289,0.11510889,0.10660311,0.14876291,0.28265026,0.3235252,0.48036778,0.41860723,0.42099643,0.23967451,0.49417824,0.20391315,0.031334292,0.15984882,0.22372232,0.20285514,0.18515408,0.30615953,0.1369542,0.20987278,0.36702383,0.2474463,0.042192604,0.15418778,0.23160672,0.33326834,0.072358474,0.22239059,-0.0013236059,0.2787755,0.08459668,0.27511543,0.2561108,0.13432828,0.21654218,0.37017834,0.24975505,0.14143103,0.40478688,0.46296805,0.31823534,0.37000486,0.4494949,0.44378814,0.32619274,0.40082964,0.32439542,0.25557947,0.37100834,0.17544249,0.25778145,0.25980747,0.21662286,0.4065016,0.38033426,0.19276245,0.41643927,0.56729764,0.26479524,0.20887537,0.17983255,0.41754365,0.3890056,0.5123859,0.30154318,0.4609544,0.24659997,0.28791857,0.34492916,0.43055105,0.2188173,0.5082083,0.2944227,0.38147867,0.29043645,0.12116478,0.40437365,0.33737475,0.25264543,0.1622775,0.12687717,0.078780696,0.07946989,0.43301117,0.25510338,0.29649508,0.37440026,0.17852378,0.3205443,0.2847401,0.365957,0.20956984,0.37314472,0.20323223,0.1521293,0.32804626,0.36330757,0.32846558,0.40165508,0.12648779,0.27057493,0.30429608,0.36309713,0.42108518,0.27196884,0.22178623,0.26516485,0.27608162,0.1947864,0.29228067,0.31575286,0.3686753,0.30821115,0.3602305,0.4933591,0.26845184,0.3600941,0.47907734,0.13497579,0.24828398,0.30328688,0.34709638,0.22741464,0.1796085,0.2932523,0.2741633,0.11413986,0.1281146,0.22422114,0.46911335,0.5164893,0.20064634,0.27184904,0.29465878,0.389243,0.3004195,0.29606336,0.27917385,0.16880892,0.42532313,0.40754896,0.12349437,0.40314785,0.40314785,0.25041813,0.25041813,0.25041813,0.29382676,0.28023046,0.43251723,0.40688106,0.38903022,0.44816148,0.31577206,0.1539052,0.45694798,0.23887195,0.30384028,0.25029886,0.44432127,0.3505062,0.5070294,0.37197244,0.24759236,0.257012,0.18842846,0.35626504,0.07909936,0.43830487,0.26605988,0.2777751,0.3175153,0.4632343,0.4271423,0.5401342,0.39133546,0.4441762,0.13697042,0.24378228,0.22655007,0.44002816,0.47285423
Article 22 No Reservations to the Treaty,0.04982526,-0.005074908,0.047644585,0.018743835,0.2805805,0.044004213,-0.045767352,-0.008423933,0.20420384,0.24710721,0.17948726,0.14137706,0.18944511,0.16715203,0.038157858,0.13359512,0.16514495,0.093585104,0.11527264,0.14087005,0.08198141,0.032416422,0.11682004,0.21723357,0.18263142,0.22746658,0.2225258,0.2074671,0.16629606,0.29883516,0.16509005,0.21650836,0.07123537,-0.0034869765,0.03795541,-0.033075478,0.14271694,0.09403555,-0.031330258,0.080909625,0.06209497,0.069708884,0.112639815,0.17844436,-0.006433619,-0.08197559,0.11272441,0.19517629,-0.0007758271,0.113600746,0.17998053,0.22615376,0.18040119,0.05662582,0.28109968,0.122169286,0.20459454,0.04298397,0.16803008,0.14225835,0.065363504,0.011203936,0.049345165,0.1576224,0.19184178,0.08854785,-0.010700487,0.12681758,0.18973291,0.27654856,-0.0033336882,0.06690906,0.29004997,0.109933674,0.14311782,-0.031812266,0.15002087,0.1241353,0.059439994,0.35304853,0.05213862,0.23156765,0.11680649,-0.021704141,0.004929146,0.022769477,0.03392026,0.117510945,0.0077005317,-0.005924245,-0.024478022,0.07770293,0.23762739,0.26664835,0.0057806876,0.11544006,0.07310924,0.0058324654,0.18842313,0.26315278,0.12525158,0.09867199,0.24895164,0.10511568,0.17718714,0.12588915,0.16884737,-0.0056649256,-0.0136634195,-0.016451372,0.23667595,0.18570864,0.22353321,0.011555979,0.18021634,0.2006258,0.097423926,0.24639547,-0.032535136,-0.027228042,0.014894411,0.23938458,0.22510892,0.23294832,0.2665379,0.0059114248,0.18278915,-0.08749248,0.027269043,0.117737696,0.1514543,0.10363577,0.13442086,0.27332842,0.23710087,0.16742952,0.09279415,0.09975222,-0.07643756,0.154475,0.2728632,-0.018585807,-0.0056435233,-0.047677852,0.21205664,0.38169754,0.2514153,0.22221363,0.1989063,0.115801,0.15328208,0.1768224,0.18089038,0.1319461,0.099041685,0.09142205,0.2991897,0.12885384,0.11269582,0.11770931,0.10789931,0.09938172,0.23471099,0.14297538,0.18624246,0.2814932,0.24724804,0.31709272,0.21534684,0.1765522,0.15073252,0.09603886,0.1683349,0.094062425,0.31423163,0.11930375,0.056828707,0.21208113,0.118327424,0.33806735,0.29314035,0.10618085,0.2644879,0.2671769,0.31166065,0.2954201,0.14029166,0.23660144,0.26743272,0.24431625,0.18922353,0.20731859,0.30043834,0.23360892,0.37589502,0.26554337,0.21836042,0.24990591,0.16302243,0.19330785,0.29213858,0.10201123,0.17027678,0.3707903,0.13114926,-0.0064573158,0.1187483,0.27814323,-0.011192679,0.34706277,0.2776841,0.34530157,0.3409141,0.22545318,0.08079232,0.24421239,0.3119902,0.23031674,0.2735175,0.071938224,-0.014425759,0.2170002,0.43022978,0.1737303,0.24086486,0.0041575357,-0.024069645,0.14657187,0.12324047,0.13870917,0.14027981,0.22711045,0.060023822,0.08504169,0.1883631,0.16848943,0.2011148,0.27183253,0.117835894,0.2199186,0.14697006,0.18984076,0.20249382,0.21090038,0.0778465,0.07718536,0.24496478,0.20560735,0.28850603,0.15922856,0.07925999,0.0969789,-0.12291374,0.12099607,0.24172801,0.1912786,0.30608553,0.025619224,0.26296198,0.12893282,0.19105335,0.25028628,0.18758166,0.16669111,0.001727107,-0.0075400206,0.17163315,0.042915538,-0.008598782,-0.008598782,-0.057862986,-0.057862986,-0.057862986,0.04296335,0.07317397,0.17910154,0.08914511,0.04500345,0.094289795,-0.03383253,0.025256677,0.062591426,0.16667357,0.05172292,0.04084259,0.34087145,0.22862299,0.24353144,0.13464317,0.1136992,0.060002465,0.042138986,0.104410484,0.059347983,0.19369197,0.13646083,0.035250537,0.2270514,0.12348512,0.2656272,0.23493874,0.15382051,0.20486352,0.16306052,0.23770458,-0.023556765,0.15085939,0.19343852
Article 23 Denunciation of the Treaty,0.09973131,0.027738033,0.053494472,0.0016906573,0.18117622,-0.0050840583,-0.0007695835,0.1001397,0.18783519,0.16932064,0.17303494,0.15135401,0.26595604,0.24617139,0.043488577,0.15639624,0.08923008,0.26133686,0.15763193,0.22731918,0.3441692,0.17608848,0.27937853,0.2351689,0.095567524,0.19306782,0.20499343,0.17842552,0.19847497,0.27293244,0.19680732,0.26993695,0.23217034,0.13512605,0.26815358,0.1534517,0.42601094,0.32211596,0.23522495,0.26404577,0.24636605,0.26541215,0.3704276,0.2525729,0.084120244,0.020287506,0.16954288,0.18192804,0.13720837,0.12764803,0.35103482,0.27469724,0.2912842,0.13085547,0.05397917,0.31179366,0.3539374,0.12870553,0.17377359,0.25715548,0.22095035,0.02370439,0.028886124,0.2611086,0.3142572,0.25172102,0.2652587,0.3512779,0.22644874,0.38667566,0.23303984,0.31042865,0.30682808,0.28754947,0.23635112,0.108068064,0.20189427,0.30940765,0.10890076,0.22932337,0.21892259,0.27194375,0.21110904,0.13520476,0.19510186,0.1655151,0.02247603,0.2332884,0.26976976,0.10715991,0.0006253787,0.19833192,0.26192576,0.37154222,0.16597119,0.1376583,0.11563517,0.09449883,0.1508822,0.22516885,0.245071,0.2453466,0.24853687,0.13887642,0.17190507,0.34872133,0.36453843,0.15334155,0.12698454,0.15861051,0.23199719,0.22640887,0.31688872,0.16624114,0.21999627,0.37257499,0.41567498,0.21705768,0.13104361,0.1171651,0.3685236,0.23834465,0.25292772,0.2948058,0.3588729,0.05039267,0.25138974,0.018306365,0.08034842,0.14008877,0.31651247,0.30284333,0.40755442,0.36561483,0.3381263,0.22732909,0.3625232,0.15683843,-0.113646075,0.11970733,0.26481125,0.09103622,0.14120275,0.1875324,0.08150929,0.2109858,0.21965677,0.085341014,0.13928539,0.17076033,0.1633806,0.3134008,0.14034168,0.2534626,0.10548592,0.14917946,0.19017285,0.2609172,0.1774436,0.11762664,0.20537609,0.29248935,0.20288527,0.20720017,0.28428888,0.3692133,0.3707544,0.38415742,0.28061378,0.23392612,0.32520747,0.31880653,0.20030296,0.16111614,0.32790604,0.16490662,0.1330427,0.24163753,0.22396168,0.43021125,0.4041853,0.1607872,0.4200657,0.5316411,0.26803714,0.18576232,0.15845498,0.33576325,0.36712623,0.28801018,0.24507678,0.40581912,0.2620563,0.30192143,0.34333146,0.37451106,0.24884474,0.4313899,0.248661,0.46994483,0.2581758,0.19827424,0.38207948,0.33516994,0.25631303,0.050757855,0.26585835,0.21218732,0.073129214,0.3642851,0.37193266,0.30086046,0.35632062,0.22620162,0.16627228,0.23794207,0.30095088,0.22862667,0.36965325,0.13977413,-0.06332137,0.1593224,0.27905187,0.20334435,0.23314194,0.1114991,0.11267777,0.29805782,0.35824674,0.41664946,0.21121068,0.30856794,0.2250121,0.2974156,0.23662454,0.2524542,0.2584812,0.41713715,0.25340253,0.26750603,0.3959201,0.22849421,0.3082312,0.3198905,0.13948342,0.23866734,0.24399847,0.14662015,0.37279403,0.20059887,0.24223377,0.3319654,0.028856952,0.08549984,0.23635074,0.33815235,0.49000412,0.27863604,0.28408748,0.24926981,0.4110134,0.2534811,0.19631961,0.36907294,0.13335098,0.30772972,0.3541163,0.18820538,0.24203803,0.24203803,0.09715941,0.09715941,0.09715941,0.33658975,0.25564182,0.32950807,0.33671916,0.34649163,0.37502366,0.21975294,0.2023476,0.30227125,0.23776698,0.2815787,0.11300067,0.41089457,0.24818203,0.34339565,0.17693008,0.19930883,0.22053486,0.23869438,0.2615494,0.1500853,0.36645597,0.2861601,0.104370795,0.29193994,0.3591348,0.2714042,0.35745722,0.2551819,0.29921985,0.08789568,0.24519694,0.17442675,0.32484102,0.4955441
Article 24 Languages of the Treaty,0.25134677,0.18832855,0.30399454,0.24839258,0.37622118,0.12303566,0.09040339,0.21883316,0.24284886,0.32117015,0.27856302,0.27128005,0.21514264,0.2136376,0.20408657,0.36679626,0.21751693,0.32480145,0.25395334,0.25797385,0.36356235,0.27370447,0.27781236,0.34812057,0.3390601,0.1949732,0.3077879,0.18831104,0.23798446,0.2505056,0.21610151,0.23724,0.21282369,0.16101813,0.20293489,0.20821357,0.29870236,0.30816084,0.16576004,0.24848881,0.20328833,0.24902079,0.19762208,0.22494769,0.28996134,0.1277031,0.2546387,0.25168163,0.24651556,0.22085163,0.2759419,0.3249815,0.23774691,0.23949048,0.08954293,0.40470064,0.31753004,0.11279048,0.20107223,0.2859338,0.18345109,0.10650405,0.076842144,0.096339725,0.28237465,0.24342495,0.1073378,0.29918504,0.15564166,0.3443419,0.11930311,0.41742584,0.34121537,0.27117735,0.31699228,0.20153274,0.2441321,0.38842458,0.2103937,0.26088235,0.24002919,0.42241466,0.16879076,0.3054385,0.30446193,0.2917369,0.17812532,0.24034423,0.20569175,0.2356247,0.22133933,0.32715872,0.2478056,0.33036697,0.39254665,0.25083542,0.35065728,0.25923282,0.28069463,0.2676974,0.32399905,0.33764642,0.23040986,0.14443116,0.27089393,0.26629636,0.329402,0.2316566,0.24723539,0.2549798,0.25350496,0.27379355,0.4699282,0.29621133,0.33312762,0.3106916,0.35184485,0.36047804,0.21203396,0.2229355,0.30696175,0.2861202,0.32623178,0.2392988,0.3347354,0.19937193,0.2753795,0.13330354,0.2754342,0.19998437,0.26571232,0.3240208,0.37728596,0.3125713,0.29257256,0.26733536,0.23091006,0.17701852,0.063302755,0.16387239,0.15718417,0.12441334,0.13242792,0.1952948,0.25520492,0.2999261,0.3718715,0.19024816,0.16153081,0.14975004,0.27254403,0.40579727,0.17893858,0.22957668,0.16721949,0.22258446,0.14709485,0.21065779,0.29444757,0.22427371,0.18953887,0.25677365,0.28168285,0.19049835,0.40927354,0.33069,0.37449753,0.27991986,0.42456973,0.27843872,0.30638757,0.41647446,0.29220173,0.27866527,0.34441113,0.24474415,0.15324603,0.22226357,0.29025716,0.35411656,0.39513567,0.2392531,0.3494243,0.3772842,0.26822406,0.24317762,0.14345202,0.28201443,0.21453235,0.43415797,0.16676909,0.36576787,0.26659623,0.3523674,0.36908767,0.28105053,0.21496865,0.3493307,0.18735082,0.24243638,0.35741937,0.22748427,0.24867728,0.3148985,0.2946769,0.19882354,0.123437725,0.118810005,0.03422206,0.37507746,0.18700513,0.42607778,0.4325717,0.29825068,0.20014922,0.25756943,0.4192791,0.22851813,0.20822611,0.1467143,0.155123,0.4565143,0.28383052,0.2026892,0.3517946,0.05151642,0.045505255,0.32612002,0.3404653,0.44823942,0.33302248,0.12369172,0.21438587,0.24063882,0.25784355,0.1317738,0.23010057,0.10371991,0.15130371,0.25112164,0.17597851,0.12911235,0.24944097,0.31872267,0.12632352,0.2167035,0.3203834,0.22123393,0.16690329,0.13126263,0.24781492,0.12087833,0.18554668,0.13439736,0.08998733,0.22278923,0.33759448,0.08858023,0.16356117,0.155597,0.2519781,0.21636501,0.13706507,0.17432874,0.13789122,0.21957225,0.29310724,0.19765992,0.24216914,0.24216914,0.18564175,0.18564175,0.18564175,0.38048407,0.21328843,0.29114679,0.3533387,0.39472106,0.32758993,0.21626738,0.19117078,0.21246722,0.30044496,0.30071682,0.3873346,0.5487804,0.47143254,0.42985582,0.32674962,0.22970189,0.25066224,0.15644452,0.27824658,0.074727535,0.29226294,0.17849432,0.303155,0.13432136,0.33244973,0.35388428,0.33566916,0.21243957,0.33365142,0.002015627,0.19604622,0.30763257,0.24115692,0.32681185
Article 25 Depositary,0.084724605,0.013228927,0.03785912,-0.057489604,0.18644407,0.12469743,0.08463133,0.054055,0.11170152,0.12979093,0.2035268,0.20423618,0.28018183,0.1930008,0.04901863,0.11529771,0.042461153,0.22031601,0.12052153,0.22464494,0.24615744,0.15670443,0.20929761,0.21368259,0.104558155,0.17645827,0.21101621,0.12407157,0.15114401,0.14385125,0.13312033,0.21130118,0.2386075,0.086489335,0.14234588,0.12494968,0.2832082,0.23542409,0.096664816,0.22721511,0.19069253,0.24960063,0.2273231,0.12900674,0.03655243,0.05378166,0.060543742,0.049502496,0.06855595,0.15347919,0.15441304,0.19302243,0.186729,0.13224614,0.05828321,0.2658465,0.2573077,0.12607716,0.093548596,0.20048104,0.122077145,0.06283055,-0.010134411,0.061895944,0.26699787,0.14425012,0.013385948,0.24599004,0.11719452,0.2966975,0.20158109,0.26831532,0.2539531,0.20347981,0.14562419,0.038110558,0.184279,0.32955208,0.06513889,0.2534867,0.1887892,0.242338,0.2264782,0.060535483,0.090523906,0.1699946,0.05274839,0.26813605,0.11203211,0.103652574,0.10349692,0.15184136,0.21941343,0.32565892,0.26538092,0.014422996,0.07130596,0.15139218,0.2364805,0.24179679,0.27643424,0.27445439,0.11141994,0.097776935,0.19171506,0.25959963,0.35678428,0.08235398,0.11882511,0.17452985,0.17918059,0.23650268,0.28548765,0.15963465,0.17218284,0.23451048,0.26176208,0.20321676,0.1172602,0.119859815,0.25056297,0.2567278,0.16832331,0.25255933,0.2767799,0.03081145,0.115980245,-0.0047278125,0.076587,0.10491371,0.19510336,0.20407076,0.26098514,0.40764025,0.24651112,0.18890408,0.22183976,0.07469032,-0.0030309036,0.09439924,0.13976899,0.046502415,0.042879365,0.17541821,0.07704385,0.13252649,0.22750406,0.060468033,0.042895645,0.084196284,0.14970705,0.28691933,-0.019174334,0.08763063,-0.10509091,0.31847212,0.21043003,0.18744549,0.22738591,0.15973176,0.18550494,0.26121977,0.23426324,0.1478489,0.2034885,0.31320924,0.30495742,0.25930116,0.24919805,0.21745226,0.25273854,0.30135432,0.26484483,0.123616934,0.3292835,0.16520393,0.18031204,0.11307091,0.26148528,0.3324146,0.25884455,0.20686898,0.35200995,0.3588676,0.1875197,0.1747841,0.15344557,0.31496972,0.295232,0.24683306,0.11920726,0.34382585,0.15876368,0.33155563,0.32364404,0.20589249,0.15907651,0.27875173,0.14466539,0.17277768,0.29729623,0.15734078,0.15930742,0.28955525,0.17226326,0.09303001,0.1309244,0.14039445,-0.006285606,0.24250159,0.15508752,0.2564755,0.3547281,0.12705873,0.052303426,0.15140845,0.2672001,0.20145923,0.23333299,0.15036723,0.032259062,0.19777673,0.23849785,0.19482376,0.25317442,0.13798532,0.18244183,0.30033824,0.2831253,0.45997792,0.16110815,0.18072978,0.1747937,0.19261676,0.13077168,0.1739107,0.11704584,0.10907368,0.1301791,0.17243744,0.1251291,0.14808942,0.28890324,0.26677585,0.22176126,0.20007403,0.30020118,0.14019391,0.14771967,0.04148227,0.13425714,0.12685414,-0.029751435,0.102436595,0.22805358,0.27367872,0.36818096,0.09703754,0.13368899,0.14258514,0.22618857,0.14621949,0.16554657,0.19158664,0.03353358,0.3337487,0.21865857,0.2482909,0.19587703,0.19587703,0.11913474,0.11913474,0.11913474,0.29021102,0.119734555,0.3418702,0.37915748,0.27375248,0.4343704,0.17016694,0.10808028,0.1842608,0.13529459,0.102034695,0.15373072,0.37642628,0.24817815,0.2622819,0.20060498,0.15850241,0.239367,0.11330877,0.22799288,0.21870092,0.24932495,0.2058361,0.15179656,0.22162798,0.23880374,0.2038708,0.27737933,0.2486369,0.28807127,0.04259651,0.122522466,0.19510296,0.19710276,0.29328448
